A,B,C,D,E
-0.36949156616003703,-0.27573415070853996,1.1206838794987322,2.1032050667504887,-0.18725524076562114
-0.5874745964024439,0.7616391727100572,0.2174446023929019,1.0871101748436343,0.712306276238597
-0.7468024946351062,0.8331992260330631,1.4778499134764138,-1.5919555485354753,1.246697670461045
0.28929721708164735,-0.2943889761540646,-1.1567407141071453,0.57435589370713,-0.5525460806408199
0.19398132908437438,0.6184361152230166,0.7553358735805727,-0.5947351457695008,0.565585247596952
1.4467739474043761,-0.4350200552861842,1.8453338769817595,0.21922482535676813,0.09385843485531385
-0.42837224220889225,-1.3409607837984612,-0.12132763498948275,-0.29475634699932646,-0.9881646490914857
2.7141011894906133,1.799046229130698,0.9537048754337796,0.7842538710476589,1.4329226268088957
-0.7083272858538826,0.8201451492149366,-0.6021857533934305,-0.34565900166716146,-1.5127766045465985
0.8281031571610439,0.9751574276695995,-0.7768563297677461,-0.0686300580892963,-1.0754138051371682
1.116544186492119,0.81841524565847,-0.04135087144220259,-0.465097660979714,-0.749647933093616
0.6728048244376743,1.40318107506352,1.5621430157975562,0.6223617424400069,-0.6699608725029375
-0.33927831195040054,-0.2075220177688983,-1.0283539316260797,-0.39531661675618474,1.6472898008983001
-1.4817369004976613,1.1652153309727242,0.7130922827351265,-0.6770868698644745,-0.5937230518496082
0.56959112453508,-0.1823297579407759,-0.8547510845661873,1.3728185168968514,-1.9542619105708807
-1.053448732466894,0.9609264668148658,-1.0053225909725791,0.20736571067512444,0.24430804403904835
2.1627607767767842,-0.4946936876824458,-0.30694508951697164,-1.0421538863938666,2.401460356960567
-1.733223389404716,-1.3360008382086208,-0.1862668574748328,-0.6546440911016848,0.07322728443256009
-0.2367141882997252,1.817624543322838,0.6120377009185191,-0.00951125922031798,1.0077054526185218
-0.006728096888102908,1.3121898715400235,-0.46374111517223776,0.003211234174133728,0.170190991632114
-0.4803983000843758,-1.1948624408239834,-0.8364111903792071,-0.848913194259143,-0.739097116737178
-0.7514066633178128,-0.18497045401323736,-0.3286792359726633,0.11521571866088749,0.5470450574517262
1.111702011604291,1.163513260286774,1.005636504586651,1.374768783955219,1.89370412763096
-1.3468904290173065,-1.5062376387266454,-2.108045680959607,1.0572164787132992,-1.2199486525840344
-0.28662702216925523,0.3276780669822589,0.08272627959245119,0.8108363688020439,-0.4929340081866709
-0.6489006512623556,-0.6324174219087443,0.3880562955234887,-1.7938338800654736,2.1980981260582957
0.32264011690031824,0.8104763475195566,0.5079025186738416,1.76744036027839,0.8954871470104983
-1.974685260222047,-0.6122166817871612,-0.8705814679810622,-0.6784642605549567,-0.5098846207206599
-0.8375638065662203,1.131526619864024,-0.6477112545479066,1.4567157406829052,0.2928126945569657
1.0328031272952776,1.094823200658668,-0.2550590094667853,0.0873489274452742,0.9513069781530792
-0.4302566727173945,0.8473957575984411,-0.9805036265354355,0.9228769968334252,-0.2746526622722118
2.0562975569729955,-0.8902488257656949,2.0497160495159052,0.7385987597022245,0.5926140882219685
0.23571799096324464,-0.3743124135608819,-0.25222103905541127,-0.06145346537571125,0.4575557611930493
1.395019105630771,-0.7872893625503214,1.1269565814918718,-0.04037876461021273,0.2987310154089588
-0.7207816000670924,-0.6180193904315084,-1.3803771636869961,0.37284183144530453,0.3472508627503034
1.442487047166249,0.5466738107000131,-1.4425590642583028,0.7097120684493491,1.4376460288421087
-0.18315568591336223,-0.4862152222877221,0.24417758440429205,0.8773124130090768,-1.039244539122995
0.6087389313204389,0.6050957567078156,0.5246011056862845,-0.0947971451716612,-0.4295147921590032
1.113524251083469,-0.08204033464554118,1.5358770851653418,0.8580441503247109,0.39777843481379727
-0.744233973954657,1.8360849556076346,-0.5270125914855165,0.2710615370469886,-0.6396753182287215
0.5868683844799887,0.12938208254273567,-0.6553796950984919,-0.6517711308501617,0.17023259617359818
0.08867859081607579,0.5726417977975963,1.7840642763601404,0.34968536224688596,1.6501416512801974
1.8432486154075274,2.32342883278521,-0.38588114407508484,1.2838160784488708,1.4123533830329729
0.01865584599220031,-1.4111340493752853,0.043836414920198165,-0.7887650498050304,-0.0062402039583652905
0.24602381142619814,0.8172467214387166,-0.6408856723551603,-0.28542565251476687,-0.8847475364561845
-1.1016351421955841,-0.8013704022372352,-1.7800545032641364,-1.3206876501222284,0.32879308908440386
0.345538661595123,-0.48426973323429534,1.7798786417924777,-0.21251125705527593,0.5457215098559991
1.544646694727631,0.13626606426921567,-1.5538512791075858,-0.3937331920216686,1.9798993734266344
0.08176876182546595,0.19772597065768993,-0.3757387722416216,0.7333834216013685,0.1675325678974829
0.43587743832828846,1.4390362273321784,-1.4741631114826665,0.6233921653714531,0.425801811821301
0.2294217244553978,-1.9966010353645827,1.1942741688159337,-0.2386625030242427,-0.9678802062156822
1.8178722624564558,-1.236472950637359,0.24560534884745683,0.5127202759151867,-0.8420678519914164
-0.048513216722659507,-0.6104940830929855,1.2857897350126315,-1.4137959482860454,0.34174227400024826
-0.8830292548160495,0.8197033666177055,0.10806328356243593,1.7098257256436624,1.3068985103431128
0.7749306475066278,-0.49388755708604837,-0.9864023255174763,0.7489967468807072,2.284780952809473
1.1810021307135963,-0.6652005512245598,-1.471677642635027,0.7881962106373711,-0.8030784980673379
1.6328655442265338,1.7373089541597697,0.8273570209725409,0.3167086289591767,0.9036879464394852
-1.1313612243442703,1.0632282124542094,-0.4642447266915748,-0.2676133839087439,0.5571331417219868
1.0539676331558,-0.26408530861241936,0.22816167760652548,-0.491847265278895,0.029737127011390124
0.7623037856253433,1.0774736722454212,0.7703861439468253,-0.522317740249701,-0.14762040802726717
-0.6447657566796614,1.084096095770596,-0.20362162326954297,-0.08256762101626411,-0.27389660188613274
0.2132450333025427,0.17447042855601907,0.6465777786575638,0.04926984777684671,1.2654964567171327
-0.5147011648160579,-0.029841972633963716,-0.21959720757706153,0.011887055571062963,-0.3512233956976318
1.36563518356627,0.21225853716295945,0.6078668039728331,-0.15584660625164978,0.14709632507736875
1.0012072781491088,0.3535643559589594,-0.3326560503993861,-0.8406560247655523,0.5604937354356627
-0.9745757962330488,-1.067570497633753,-1.8535509522606168,-0.48327307442513784,-0.43369783207026263
0.9936488088178054,1.7393793265932567,0.4754714075324393,-0.24713434217952088,1.0651625121797061
-0.2839138637222834,0.10902624018850378,-0.37559424642104905,-2.810066985114883,0.5866067714718607
-2.8499236004316435,-0.6638195307300989,-0.8643065184797307,0.24128219275092952,-1.119312308995854
0.595723983878949,1.1024352664846815,-1.367719634230702,0.5511425238331097,0.17694563327953652
-1.1438176467776207,-0.6807536674641758,0.2754010804845537,-1.140913989295249,-1.9490364527095034
2.0093245439050142,-0.3930606323689623,-0.5549809332940284,1.6638878111110045,-0.6794093777265406
0.36242664720442713,0.64417737306551,0.3075868429875829,1.2024032085438994,0.48349862496683993
0.3847330436263199,0.9643357542839568,-0.4748958408435156,0.2771347058805271,0.7993361231617861
-0.6263145478466048,1.2941467728183238,-1.4201783268908084,-0.37268100775844293,0.1574916379872897
0.3515632554604319,-2.9203324254835503,0.5438552580101613,-0.5363783459001766,-0.030621056305262722
-1.9116681479262925,1.1571045613147282,-0.8005300918884181,-0.357135442840918,-1.2961496861808204
-1.0790713367614737,-0.823026149883095,0.21683676013679196,0.013439537307910298,0.3791277750708186
0.3071235899723986,0.4507770663511887,-0.3863855655240421,-0.08881303052144206,0.6203949448268422
-0.3255625723436568,0.32385218178538927,2.2569160730594033,-0.2638808873918378,-0.3370932775569233
1.5247141768934436,1.3557159513471615,1.085879854404797,0.5956546126898344,0.6594078036836866
-1.6738140522823548,-0.4285828556517569,-1.2304961980125486,0.13795441082236332,-0.6674265630435551
-1.314832740048018,-0.9289894298136786,-0.11958483282775081,0.26968973546681724,-1.0630915229739737
1.571288475542891,0.15660694063701627,-0.11443544363314263,0.639295794042585,1.1569407331094688
-1.6419056285285105,0.44837097277092086,0.2955102856611667,0.7215506714550046,-0.35751165679529506
-0.8987136772234715,-0.5478558696065242,0.683990490680883,1.4784140284783698,2.8240576921089326
1.0555597085718815,-1.862477534339555,0.18948552100030788,0.19097310294188846,-0.7519502513475813
0.48286989292720256,1.501115745095175,0.8966894445223257,1.410578500231977,0.31864493404529637
1.4923013678093853,-1.0392062963995365,0.47614872488740073,0.7580209893194197,0.3641633712115874
0.562561694352764,0.30867392665126536,-1.867984964010094,-0.3077906464529456,0.7890926418208882
-1.1609287415747975,-0.3639406237243265,-1.1360250149662263,-0.8120489565650079,-1.5686269508789015
-0.7768014934030845,-0.2719997768197357,-1.0195295409035998,0.7321703608160767,0.37390167230219645
1.4019181539839867,-0.14674817517822789,-0.32140351726209887,-0.7419480512525479,1.638313328324516
1.0512662751119346,1.2936575498870257,0.5690357257072434,0.31437018960090163,0.1090225977859957
-0.017415873767843964,-1.6426081289964154,1.2775916935445923,-1.6520780592183468,0.6253223432818991
0.1814837142584655,-0.08601219826371327,0.004578552864340609,0.40240374339778506,0.6329274923786551
-1.6658410751293122,0.015688510317517525,-1.0316822229970175,-0.15430714621442318,-1.4528179453130285
1.1868245946280949,-0.3884988728990712,-0.6416309927248957,1.8603516032814669,2.840252961659649
-0.28727510944930773,0.9808992637960077,0.3853334877702485,-1.0902759146174585,-0.4526273972268662
-1.0051562010745232,-0.5064274355820769,0.15832238099118312,0.5972876852977023,0.24897157738841622
-1.2333415431736425,1.5885447393709915,2.1817522863537837,0.07709075084016746,0.13898137481332917
-0.6561106165775981,0.6546836293596615,0.6086507334768838,1.1300788614325903,0.6508321588637278
-0.5006292661630034,0.05223797903791323,0.663293100099791,0.2710797796595356,0.7942895488317304
2.6226002877466716,1.210888794806805,1.5799071511435017,0.8619073489897526,2.5912567544704066
-0.28054993021193864,1.7498679350253152,-0.30665705837148616,1.1102598169034248,1.2863353327974574
-0.931310414165759,-0.18578445292265133,0.53716714409029,-0.6072221208816577,0.25683480991499613
-0.7902112353368741,1.6501162332075088,-0.1931504025919221,0.4452357301803162,0.967015691421111
-0.24216724113507423,-1.4437607353192297,0.15514617265111114,0.7916095507368414,-1.5592222404412395
0.0042916761969647695,-0.15630065421073797,-0.4068219405095257,0.08853809056997991,0.28145679832392295
-0.12207623561465791,1.8772747268031695,0.31683591476175443,1.9827591645231526,1.5883870613037767
0.6497305839295472,0.7424360125960178,0.35895399594517197,-0.8829584249809228,1.9704707033178328
0.0546122021543493,0.420159707650031,1.7308025258572477,0.6448777518956519,-1.1234258410216031
-0.8479673556575821,0.2775956976317917,0.21588298595712876,0.8345718312922115,-0.5273439869622539
-0.9844670986745606,-0.6521535261014907,-0.8405314980231492,-0.06699959546949995,-0.36033510375536254
0.2746555234554348,1.3201881377523177,-0.7348861900192607,0.1876220487282416,0.542298553235213
-0.5689674935108471,-2.088898290177326,-1.3185663475759337,-0.8360618444835768,-0.3133134275139674
-1.7241860685644435,0.12003727403809279,0.3167218416550976,0.1664559629243007,-0.7467299949956127
0.8751039083062503,-0.6760328463684894,0.3614358088457505,0.2856026809656183,-0.9033800130125712
0.20165811731203792,-1.2249343937682717,-0.4249181259224991,0.6834867009613398,0.8951811429458377
-1.4318156553166415,1.5381304938184308,-0.6394386738670287,0.17590231764807673,0.8206051767566354
-0.4365628936220752,0.1554431570855674,0.43194021700166013,1.2287405420154696,-0.30808476454949635
1.7500640309115325,-0.5303850630268067,-1.099446169061781,1.0879050500691916,0.28389315216700184
1.4026271001660664,0.5703996835859665,0.424630557865257,0.16333645249197415,1.819720577549714
0.6161936453302714,0.35091884004103063,-0.7430022376609877,0.43255306301110963,1.0138401046323147
-0.2342784397178089,-0.510691341705876,1.1779841570230112,2.064805524770455,-0.14764579570773315
-0.5380673217146682,-0.36264041602123687,0.4709719907891564,-0.9776908565760218,-1.3524081710615394
-0.8861487884190979,0.3947039755876039,-1.3374673609945595,-0.9619119383503344,-1.6480741128851395
0.5653625742082298,0.0005660769810488834,0.8299518813483838,-0.746263712659551,1.2077315376000999
1.5854133273792845,-1.0719981252843098,0.7816590218127168,0.29992353297452906,-0.5477432337706315
-1.4937644245121124,-2.6584125294687095,0.1808270120770152,-0.2654783559345813,-1.935300325234942
0.6049821361196445,0.3907429572638962,0.12543559449794559,0.7178336208776445,-0.828230049211332
1.6535981687143588,0.4609726561883491,1.664624758208516,-0.40176883806316066,2.633394777393412
-0.32979730036205623,-0.24128725381769126,0.9478579554194275,0.2233146139538149,0.46879300669474455
1.5124683128101646,0.7174219970562352,1.1680466167215966,2.2131539551913075,0.6052800396269874
-0.7281006935795409,-1.6722024340978634,-1.0765884553381957,0.2635205741791342,0.3302534337849694
-0.09552228986991454,-1.6365701819451126,0.8462875231180218,1.4118757026396274,0.8560425110176063
-0.4930514101227612,-2.902848869721075,0.6563371008766523,0.05867272074411233,0.2425022405252465
0.29495075086464545,-2.379478408915274,-1.145441013815181,-0.16139433145938925,-1.98654359192302
1.685134482975615,-1.0679167915191943,-0.9753434259226516,-0.8080918689170642,-0.5669463511474415
0.2090885150817293,-0.4648628800784071,1.4709732023054107,1.2774746450423728,0.6143138993703157
0.26448876834967455,1.5143105079060746,-0.36410668068620416,0.06971509577637226,0.8462017177492311
0.9193619102623327,-0.8994537399501782,0.17876818077183534,-0.8346759269093222,0.3555410524614366
2.5242433581124133,0.9864365675641801,1.020184587064431,-0.4702968966976056,3.0182180606062188
-1.6373847666825398,0.2841020067066946,0.6741483632839348,-1.9685608393590017,-1.2972128401941114
1.4500768408888138,-0.08902117201495983,1.28540424435337,-0.7682008929920792,0.10779297112389304
1.4316230335020645,-2.663558674382907,-0.9915849208453444,-1.8549462283472455,0.5694600404150341
0.786068175911927,-1.5326823676748296,-0.573697654860372,0.646115003507355,1.6924079613517546
0.6878697357455709,1.158338010485057,-0.3845427708343292,0.42870763993263633,0.13804058155929677
1.3678895185242002,1.707884678889663,-0.14078070660641095,-0.9130588111607315,0.44196009185556817
1.306266132271748,-0.7032878736277997,0.40642082878082464,1.102917325970427,-0.637940025490027
-0.9308393481302917,2.500538374582367,0.25773369140535735,-0.9300775430957555,0.27227520890343526
-1.0321388463175665,-0.004983788118810803,0.7874657016845877,1.5024449240224151,-0.6593010209698074
0.11624847931267686,0.32403806098054616,-1.2316125601661498,-0.33078865827189097,-2.1357606597952254
2.467688455671117,0.8637012224428502,0.9226301327857154,1.5296055130707231,1.6987805220188006
1.3766946963803761,0.40429564843329885,2.0053241926727248,0.5850980705121078,2.6025234667998163
-1.6053305397340818,-0.2228113593875421,-1.987626068629381,-1.5036175468447883,-0.4057332801918087
0.739868000188727,-1.077179062418172,-0.41966447638244014,-1.1333232380060745,-0.06007295681025162
-0.288704651841792,0.17268617804557115,0.6912468525213081,1.2858679047224213,1.160742796921143
-0.49677769697553203,-0.5928232872701382,-0.12170518572210448,-0.5670997529506249,0.6652199075849043
-0.7401740307596077,2.399988006495483,-0.4595466622202702,0.41554427354316587,-1.3604639908916634
-0.13926047128475946,0.4316830175549968,-0.20059657525067118,-0.288484752837109,-0.1122421854255535
-0.8083571204481198,-0.013283564492762462,-0.48526024929790873,0.737497027904617,1.3162992779790876
0.6012266121580242,1.2078707983479018,-0.6212955028428608,1.2358209208191333,0.26681170870704457
-0.26800590549943293,0.18068551846875391,0.7136450760553517,1.441849449306205,-0.8505877767806849
-0.23350408619590976,2.2824848854818067,0.7155774793648885,1.2911702624120036,-1.6313534502807345
-0.5986624140385546,0.9845897370979827,0.31863198257044145,0.8179170904932087,0.23383600973145022
1.3702677270964216,-0.5772542114616999,0.5490141649228966,0.6787056084515469,0.6512517726471402
-0.2259142002845188,-0.02067575890383947,0.8131563305962063,1.9413923015825576,-1.2016205956174675
0.8836951866581045,-0.28360297064997986,-0.45212802130590424,-1.1682225597046982,0.47891934622438515
0.25471462513135845,0.7707660782913864,-0.23012071028100917,1.7203543336738096,0.37717704754106146
0.39356322302181046,0.7044487639778827,1.3489775725545765,0.45260837095635204,-2.0068668434403794
-0.8265617578332781,-1.264096419113403,0.7791702943379173,0.03912823087461404,-1.0906084268990164
1.1549451855569406,0.5172231639555592,0.20481690399386854,0.4453442779427459,-0.33687445233239693
0.3568377611584382,1.984997632349918,1.9142686117807937,1.1533448416446803,1.3760574426079832
1.6860673126421608,-0.09940601292239906,0.3059284085359131,-0.06004195221861234,1.390061400189859
1.101991162639115,-0.4517798562906678,-1.2218070781445836,-0.826253893445914,1.395709964597716
1.9363386007610206,0.4885006952169866,0.03679168387457252,0.7757931506284764,0.1965466958270541
-0.998680527475255,0.09575624030861536,-1.4490508128745658,-1.5431440115980735,0.027797501836479572
0.9175915274337897,-2.04571182760935,0.9258813084223971,0.7938881658726963,0.5627192612037453
-0.9949148269927419,1.0073292983460178,-0.8499354127407798,0.4593972722854013,0.3815633610607685
-0.9261254212438648,0.20760256227368049,-0.4839352434202886,0.5389719810738861,0.5759605024319349
1.1770896516046858,1.80137914692462,1.3990724175455915,-0.4139538493830012,0.7075221139989941
0.9588673413714364,-0.46676644235914894,1.025495059650682,1.637232760644916,-0.5438247734923571
-0.942090254303493,-1.3022800624874704,-0.29437152819650153,-1.7116245984664396,-0.24802093067646128
-0.8016952532726719,-0.8342572208555307,0.5452175787806478,0.10261242026254033,-0.46253526577789283
0.8143498545691894,0.9486822096801503,0.2995290541214643,1.7209458803081474,1.0859463783594119
-1.4741126328634462,0.0703082381110182,-0.07505472118128584,0.023431319432170174,-2.1618922058459082
-1.499897521678078,0.3073577235746764,0.8502670247031882,-1.939463603393103,-2.096465682098256
0.48406539428969825,0.14649027751648844,1.6357809878809455,-0.37218290728313647,2.2314549767077567
1.6978699669257082,-1.9766709561933478,0.08709997374006916,-0.1624911371062802,-1.3751169979004987
-0.8314530052405548,1.0730217581786716,0.7238404250101589,-0.10550805082661087,0.012393476153937886
-1.0025757801952677,-1.4080760898968254,0.1871380695866636,1.2517507202101665,-0.6299597458776586
-1.7476214107838373,-0.09593548252227116,-1.3909491909905272,1.6593954543315097,-1.7844461739812314
1.5045031021653195,-0.3210829405295491,-0.7023674668014818,0.5533588947674749,0.5605589788356425
0.3581158417071179,0.6877906705748097,0.8754824941750509,-0.5344507933807484,0.580582564992285
-1.6764039671959798,-0.7819661756755067,0.041864422551433085,-1.123123648033561,-0.5299894710221653
-1.3679482279220134,-1.2073677137568222,-1.550479747183124,-1.9949857607785495,-0.29561683453464105
-0.2270770681391367,0.6486290048882384,1.5920693044149699,1.3323219745849795,-0.5540805447352042
0.8341760480112023,0.4589521130664664,-0.3537136047714933,1.1118658050174228,-0.0527821750202259
0.8707427336836246,-1.021469733205849,1.3447014462790987,-1.790147190454244,0.5778429745906348
1.1532326153887604,-1.3629349389229992,-0.638462182409294,-3.045172569340382,-0.9229180225945911
0.4193533621847255,-0.13637375589554682,1.2257455294142872,-1.5986823058635453,0.4426075058626147
-1.1878077958842164,-0.0757001751370689,1.171044888749446,-1.2594862453435671,-1.6330324661470432
1.2288964482247628,0.8080308083256231,0.18789239770680854,0.9085800672162442,0.06761791594631478
0.05523913478020776,0.8548841573572311,1.6700686089710892,-1.397867712111454,-1.2000879068037695
0.21937117612433618,-1.1519230760066848,-0.5125282558965149,-1.87620984883685,-1.135619937326044
-2.0226736712700473,-0.16634903584684319,-1.4401860718617951,-0.9460948519848217,-0.5920553169316715
0.6255826882881411,0.059651714528005516,-0.8938288178710793,0.7803085248498242,-0.38096091678506594
0.9647673637716349,1.328982302547066,0.9980704071604208,-0.4950573250161319,0.07734086991553542
0.4099467043115657,-1.0844087398353226,1.4868813505477325,1.6611426272879843,-0.5635688992982596
-0.4073863862322847,1.8724675011248837,-0.08146184955751773,1.1066329733883153,0.7323965284380508
-1.0978229947643778,2.2652840405157657,1.263005696634908,1.5830217571100855,-0.7458650642568059
1.2335435493936833,-0.6153548417753059,-1.510651283127347,-1.1564567535846968,1.1396967408853849
-2.5046043136186666,2.064435214908853,-0.24693363419685474,-0.1904479659930034,-0.1124430547804681
0.0756495938173225,1.4705172520681848,1.1969840040070312,-1.2648568889407592,0.2314220576558928
0.7560911070011022,-1.0502423800411216,-0.40752952483130617,-0.9693561156576928,0.34330135555069297
-0.10325551981895349,-1.0613019371779207,-0.11569391856534127,-1.2820498102465114,-1.3782305805130968
0.07427874918101347,-0.9063283765348068,1.6353125872755598,0.5245463503175857,0.5758149949079409
-0.14513110903907822,-0.2644869539136568,1.5579405739958874,0.04236751752152003,-1.8652290845600177
1.1666935294884442,-0.04079201178716164,0.3172318482178631,0.43236393066224194,1.9302953240403389
0.4300648538761601,1.049715734639074,0.35566641213248895,-0.5917298554239518,-1.4981894358700811
-0.032829003378834855,-1.6199111242191386,0.9671189175035387,-0.3483967870185998,0.6559773686285181
-1.1305354061169177,-0.8116879094078553,0.03836235768398861,0.31391077980354876,-1.0743003871954966
-0.2612138225397384,1.113628759642406,-0.3530642780943401,0.21369029482802282,1.3585029761516392
1.3211554817387239,-0.6157119698891688,1.5457207699864441,0.3419668075803933,0.18060218727603833
1.2787141980189867,1.0272746019616588,1.056742897471708,-0.8870648443690297,-1.1066093779283577
0.5482839504744957,1.871678881022475,0.3031679915354799,2.5667674850430777,0.9097950528948215
1.5192006316962543,-0.17285436284837763,-0.7119266716518922,0.4187358383255189,2.1072865275486916
-0.8043969579824143,0.5853554136982368,-0.11156678412504681,0.5013435184891079,-0.3197734928692474
-1.3300411669256311,1.1411792450127196,-0.5487099816655856,-0.37667512980515583,-1.7172383021485191
1.0485149515392664,0.5576066213853209,-1.1616455500406697,1.6249668761248028,0.43324339516840366
0.4323637019151828,1.3001398702207319,-0.018572730890857817,-1.335099602601266,2.671168047320858
0.18287006918749077,0.7126854489380852,0.18170528006357514,1.6019985513075317,0.0616588515400425
-0.46409531522705877,-0.6021264908858028,0.23151632954042173,-0.6832051855874072,0.1530362168270333
0.035322843560459685,-1.0151582669399148,-0.15288068109963365,1.1125525352172225,1.6592063427847046
0.3976442296833991,2.5976097013901582,0.33733248985591613,0.15326026768824047,0.5057511418963244
1.3156260819431596,0.5790718988624214,0.02197843900916275,1.8368113596387785,0.5587668281876417
-0.29250718319240293,-0.6753329460083178,-0.11830010789250718,1.0471964329367598,-1.1330646267324362
0.21152095447727312,0.1604415382643694,-2.581024779506003,0.09917187873487761,-1.3265886452286424
-1.4793055641099937,-1.053132283030063,-1.4189136732573224,0.8969081843040525,0.3839251845205762
-0.618960500758421,0.21543472970585187,-0.14192801782348305,2.0886390417490186,-0.3811612993966622
-0.013405825140644461,0.6751261580959808,-0.37613190363864685,-0.29157858737260717,0.9982167874856777
-1.1140556457245736,-0.35291679925856,0.10170475307294366,2.6528268693002808,0.8541144362917372
-0.004027121311986016,0.864533346759487,1.0165474062364401,0.18728643404786047,-0.2763062538572863
-0.550023145819226,0.18860154711931665,-1.3965116168453393,-0.12926598116589852,-1.5740508854441242
0.003951929012386542,0.8636807700844479,-0.21925832203128187,0.569884702013358,0.38959225505461687
1.12437488586568,-0.2815894760281004,-0.06218464440791164,1.083732264361532,0.7919201372274288
-0.11187904038631707,-1.3621956403802589,-1.1750762059892692,0.7590735195093429,-0.40777639571546287
-0.8200066390715666,0.1398544249069777,0.25700368100608717,0.005542835288881121,0.02968219382449115
0.47633086123903506,0.18921878437344292,-0.09107465642531513,-0.3638354789114261,0.20885607473199722
1.232387196279257,-1.006275658989435,0.8705793795339207,0.7495549454108457,0.7906160490546148
0.646191579434018,-0.28551454567021595,0.4328621402019444,0.9122470920381917,-1.006614622120998
-0.35924881653918067,-1.4980299045631915,-0.17248454345155176,0.45975930961414035,-0.17170296161943405
-0.25152855690483167,1.4324153934422148,-0.334227709709399,1.7648072278512592,-0.7108466131058907
-0.007966260290240147,1.5810438696294098,0.15559909451128437,0.8706598446657964,-0.3162705693027554
-0.29560092713045794,0.6558177639974772,0.7768778154404237,0.7301559159282313,-0.37305286619305905
-1.193883333032709,-0.35683176686812057,-0.8612335620162949,0.5514991230981491,1.519395959499631
0.6794331910995425,0.44283214904467644,0.34108791710308045,-1.371516957920273,0.8494190880218191
-0.6708977967264792,-0.6418828143700048,1.1251188478273766,0.9587247612976383,0.01904860759690919
-1.5361593817728378,0.8253413850145016,1.0821679830898983,-0.42815844050435364,0.6245765489416023
0.01582652839423764,1.012966989985346,-0.14636716833263358,-0.39650653658369733,0.8044037118318234
-0.5265762925665627,-1.985557850159884,0.1793186026621341,0.196884036338174,1.136936108406861
-1.9102409593547087,-0.328779656574882,0.7015716331620221,-0.5461209002748305,0.6460941357526337
-0.3090974245127201,0.7954469596707769,0.4368215140048143,-0.10407677138975906,1.0073329826323256
1.2537906696194288,-0.08490469912630112,0.5420587018884374,1.5529711949153482,0.969551473293503
1.0347055096027258,1.874020950095547,1.8471263534285263,0.3849794293618852,0.20388616241850685
-1.4414311270789992,-0.8139298871432487,-0.7408963887804922,-0.7445886892230008,-1.2063451010273272
-0.5567763149287551,-0.1587688144312696,0.21586626449389099,-0.6969426912627544,-2.5676585986346514
-0.9925425966063618,-0.8330540279570554,0.22792969762918963,-0.0924155083175067,-1.1450760386314907
-0.26322227527268344,-0.9083837703774266,1.1856325705205055,0.0459118771254307,-0.39609037510326084
0.29049973360073716,-0.6134904743454561,0.8391759943998208,0.032552500942396936,0.07520561243943089
0.4992893783254116,-0.2005311395064116,-0.6899894164389232,-1.161517872816892,0.008809172896755573
0.6631713197061219,-0.09265329652944791,-1.2223206547262613,0.9538398827555559,0.17785860441051685
-0.020191428099408062,-0.31670767170957226,-0.7555032759547465,0.2432276776578034,-0.04270697854716556
-1.465879865505267,0.9289156983407424,-1.0237069947296429,0.7801855211119672,-1.9084567108894475
-0.932244938099558,0.7555503872609307,0.9904217804968074,0.6088127661648249,0.3780788751750438
-0.6886016275901914,0.5414916836532803,0.997217800649258,0.34511344452748927,0.9552581310420277
-0.13356657706490616,-0.1360962466845599,-0.011433111349894644,0.8465278264247871,0.004075218128467068
1.4405828394803841,-0.581912360562538,0.8429545212801869,0.7077724391165171,1.122542639521978
0.3189388649470862,0.4534506347316948,0.7416724806556864,1.6784905582273089,-0.0723972668811175
0.7215140592075147,-0.22000505379085758,-1.2827157647001142,-0.10933193403756589,0.3076124866247683
0.6705348504442104,0.9532199690586836,0.05772777245082943,1.0467959313650896,0.1661665701915797
-1.2802102984278425,0.30472299581800333,-0.23695199203682943,0.7117298714362797,0.6349383003324115
-1.3621083354701602,0.7950643924143271,-0.057332321097486066,-0.4439705354301213,0.4538624026242826
1.2347964667580902,-0.3351322201787043,-1.2141140930054393,1.061141285073651,0.4358586221809413
-1.9726006555217561,2.802205739472475,0.08493870782011034,-1.0047883760940295,-0.5014464388399563
0.35811944943965834,-0.7087160204361149,-0.09007068469477753,-0.705287975247194,-0.5160532171108271
-1.1836142383681638,1.1078379264052427,0.5528888408420515,1.241308206588945,-0.8980630639490226
-0.012583867342715892,-0.10897207129391684,0.27040395752756585,0.29475571143968465,0.6638012481970197
1.6367824257675447,-0.24135764703375312,0.19286274146491184,1.1851207602517129,1.088051117669719
-0.3874979802527921,-0.23998069564520189,0.5338004908046934,-0.8490439181110391,0.3623501940732606
0.05643435238852201,0.6065548831694697,-1.1703053157394812,-0.8352165442752877,-1.6703946388124646
0.5567805026180886,0.5867450804237796,-0.16734562205339798,-0.6133965932215694,1.2888709262671816
0.8350428308000406,-0.8943462162339471,0.9684995071073618,0.1762594109396623,-0.4580335726408774
0.815886170825123,-0.6965014491559963,0.3927743778979373,0.3002697264699147,0.9234089631604745
0.11890729437478433,0.580585172062486,0.04202310357632806,-0.743967758691613,0.9439315328742668
-0.005651884121027041,0.9371803433437449,0.19349628201312968,-1.271702792438558,0.3597157292208078
-1.2092888280714733,0.2984958710595496,-1.1014135031022612,-0.1766191132500142,-1.1441470139762144
1.3671531019937564,1.6106039983593028,-0.20248145271990528,1.8620378067482173,1.3020923932231674
-0.3721341178681379,-0.30658013570226667,-1.1025446655917885,1.6742470739999569,-1.3997389136314864
1.663252157314864,-1.5051116208607696,-0.9186787111624701,0.6049471493689534,0.28254314153104176
0.04615321820986812,0.7948534639925767,0.09701840517408973,1.8082922284284306,1.272122766498969
0.9507587902493561,-0.8882494782246007,-1.697838282956117,0.23551504167898968,-0.9308314266738521
-1.1305671961293549,-1.1578030343116497,-0.8686850699640141,-1.5966885783798648,-0.603776695866272
-0.04005044989208512,1.5033006518995664,0.5880664701282111,0.19616775927695612,0.15724765205141633
-1.250760068345309,1.521805637359595,-0.3108948280513191,0.7437250627271614,1.3756048143705613
0.7625085738103776,-0.2370415704238989,-0.759813540993292,-0.03456865505965021,-0.6231584151087387
-0.011618898854810312,-1.8647558648504008,0.13903795354796697,-0.914300891331311,0.36672142226989346
-0.03958970969857215,-0.9214932552645382,0.19055196106300298,-0.3654322321470698,-1.2532771618653158
-0.8910987182032252,-1.0853330497749476,-2.4600750087474657,0.4763058392707216,-0.21960103926576838
-1.1117179398954744,-0.5436753983878394,1.6181791342964664,-0.04856416190574106,-0.118494042718402
0.03691883498053227,-0.35865969746393234,-0.41892207176100227,-0.4057198314654615,-1.0375857409141458
-1.0010262368109766,-0.32339357746791925,0.1136796672811783,-0.49643042031143797,-0.5096816549422402
0.4266457007354018,0.3779681199900482,0.28264564424378213,-1.585851580317678,-0.8581071411906798
-2.115923057518421,1.6301576147275503,-1.66227510790932,0.8378198850752854,-0.19521905584244062
-2.6708942207402186,-0.17301052524728172,-2.589382301084791,0.1204978781831638,0.06441925938586304
-0.38615628375378097,-0.15388914340235882,-1.949224120313134,-1.1438180978065005,-1.585938131364426
-0.42989844240590835,-0.6913680459600332,1.781536217333972,0.5817151526226096,-0.824640194729284
-0.7530418249338404,0.23119795607811364,0.1925214862530818,-0.6898733615703788,-0.7617932333160251
-0.40096702192318395,0.5295800812435595,0.24920535700269508,1.9809607916157639,0.9364796644302766
1.1883252693620507,1.9590149933849152,1.0080123556251537,0.8797871404542177,1.9299956852579254
1.0757106912358931,0.918853810960627,-0.2031645780009018,-1.3972322778166113,1.3114437401190249
-0.5671763985309382,-0.6043393330295126,0.02040329234791156,-0.06395721864044457,-0.8555938585664792
-0.8852224419250196,0.8869594698278094,0.10341115117611566,-1.6875867499621657,1.2107638529223927
-0.6219387083302342,-1.4655770693975119,-0.17533516619791426,-0.6795171418008068,0.47375810397505724
-0.4612869724919065,-0.47376242853100586,-0.34807437479506415,-0.12239892078859096,-0.21680719466141002
0.6464567667287924,-1.4134188029302133,0.446934959661006,1.26092590414023,1.2480071672145623
-2.1261021100749065,1.082535539350676,-1.9837968818487357,0.9935104886364704,-1.4199707647130178
-0.35284658790943474,0.9508082813123858,-0.7759526377353299,1.3912730829985835,-1.7064833780921873
0.8327171098865348,-1.691919891423424,1.2286030271065356,-0.4148832215047298,-0.6692628963030246
1.1934794691030006,0.37974152616714474,0.41806182791340973,-0.4761484186734645,1.264137965066241
0.7844613062878963,2.9566815679579466,0.42371713517324644,0.8645015795032752,-0.45164162916231226
-1.684096892698962,-1.1785173776838531,-1.1634274106382378,-1.727547434309079,-1.7023936622587734
-0.18267216229778227,1.646101914408582,0.5467436339970052,1.0591506316080261,-0.28983172136184593
-0.15471432153272935,-1.4196582885205717,-0.9826730955105953,0.7527954415651072,-1.4358821896186358
-1.3610433010319847,-0.3251314533715566,-0.4748007306765439,1.2431846808974547,-1.286250969877604
-1.1696154827639167,0.48137703491608924,1.8085968741915834,0.4643095972579566,0.11366359333568934
0.13246848473771064,-1.1995423220270027,-0.3699653314321553,0.15973029079214415,-1.2052152166359191
0.0896380392782502,-0.5753896898229968,0.147026907057078,0.7480631649375148,0.50566532149679
-1.6868962875202025,0.22227806019843513,0.6594654876034365,1.0676751181802058,-0.6835362874595459
-0.26348949888956147,-0.0817998485978955,0.3443603473207857,1.5978804853355868,-0.46582046420372814
0.28055528496141446,-1.2716015862547438,-0.7793201468611092,0.3298375857348318,-0.4603674938408417
-0.011895981780090747,0.8076737124953197,0.18789388370976579,-0.26029807607682076,1.5256916440559656
0.1112113540629458,-0.3457033772594652,-0.8659248088461947,-1.769822308056953,0.3473465897303575
-0.2411230014319924,-1.2636849601204243,-1.0333442655775282,-0.27788384314623027,-0.703985601634972
-0.18904328740106702,-0.021757541069459117,-1.5692026627052884,0.6002683857544563,0.32927887437994585
-0.8842826796724417,-0.24888525573466136,-0.9670464455803984,0.5391237822566195,-1.8551115396189413
-0.23163996404902795,0.05051361946960831,-0.45845152001866135,1.2929010004212584,0.4034041440269574
-0.5692768198562014,0.744098311049654,0.37235915532771446,0.17005048858742094,0.25085505857910656
0.41572154576812576,0.32190558969682237,-0.2543916671299468,0.9028588024247881,1.452321240859048
0.39726105244684695,0.5081486047559377,1.4296898129879643,-0.32942559176188113,-1.328649731320266
0.9039660979032405,0.5563371466645883,0.3671445224791165,0.40047966763265375,-0.6946127301762155
1.5441278703675503,0.10591256805480813,1.2453844202403537,-0.027243843392119674,1.131472871928772
0.5286663349638373,-0.652293912404535,-1.0716383377061447,-0.7104000268863923,0.9931941733396554
1.9349532469923028,0.6171055873396326,-0.20480039467611827,0.912056681244819,2.1289536793905044
-0.5780782098754856,0.49313184507076246,-1.1469437824757758,-1.168528609078673,-1.7377158119695961
-0.6944795722931899,0.305993943396153,1.3450222188376293,-0.7757370731629614,0.4442014934945175
-1.1411949507712338,-0.7290579676576611,-0.4389405022850618,-0.2626203224067492,0.8322314552400788
-0.7177608434657369,-1.7201878299363151,-0.24819755653276193,1.122041703179633,0.5118374110448657
-0.05862273516824116,-1.205816742131537,0.04399064582528972,0.6359779013691592,-0.8421240462436956
-0.0514372771801404,-0.16077653870840156,0.03199944167218628,0.9661109944188501,0.7218032177826538
-0.7191782706172557,-0.8164002865757166,-1.9545700373968793,0.6165994888727578,-0.5937753905876152
0.29213521917620866,-0.7212288953022872,-0.24680558496071292,-0.7572076449421642,0.7868499510228247
0.28762919159148537,-0.31057970145549124,0.1966266285639515,0.5869476744498368,0.6645429621539406
-1.7268587272023594,0.3506304414968005,-1.5104415643334097,1.1543742345072547,-1.6230002918708581
-0.6101517328855823,-1.0163889847145857,1.8292918175561756,0.19194732453646077,-1.3095004543389939
-1.1633984555427386,-2.120450977308378,2.500547500281696,-1.344086980443284,0.6144594695991049
0.18086873191225278,-0.029773627400016087,-1.1425822131924561,1.6869178246593795,-0.6068512461717664
0.22186843642672646,1.4973851409755605,-0.8049510685066342,-0.296908697891974,1.506710569770936
0.7134885516596857,-0.3959108830176675,1.6992806164638738,-1.7450014787886408,1.537634368145714
0.7929349373930633,-0.27191532046086175,1.0056355382962845,-1.247623654733594,0.5102634055165595
-0.6883184927268731,2.1846472026437054,-2.019251533789839,1.6744307784089087,0.666252669836354
-0.4829581829833601,-1.3463958576209092,0.4762806275616515,-2.0672721330093573,-0.4688001416450437
0.8035922663083517,-0.9579807400308963,-1.0049224089332056,0.1930836153363053,1.0451923922392252
-0.2792234371670693,0.9563723761901342,-0.09708535855532092,0.9121459804931084,-0.804148165947082
-0.5521747174644799,0.8884115492585537,-2.244376201147912,-1.1119664717958766,0.5910224157481642
0.34095957101864627,-0.3517852638329952,0.09244740233751832,-1.1161491781909914,-2.3185224181085387
0.05629149275354013,0.7174099891348605,0.019161278859584494,0.7280651837778999,0.6310663360530105
1.366328317830792,-0.4478136644989713,1.6156696302429296,-0.2755003988126588,-1.0213270942224952
-0.144710049098818,1.0417598155161996,0.6914551739019155,-0.30461090330531315,-0.3895314341869955
1.0732339691331025,0.12229035036256798,-0.374159085132082,-0.7030270780514679,0.5018481192011733
-0.3899084077754398,-1.0587857279044612,0.9878337710093464,-0.003338351210207509,-0.6634055015813213
0.11878160553014044,0.4315734512594138,-0.1428703049862153,-0.01206142460514661,-0.001782390667339997
0.5401452913128276,1.7816958441176585,0.1872313547101333,-1.3605663848033798,-1.20202261102058
-0.6793731008669853,0.1616648386816446,-0.1302264438168563,0.874456675528998,0.12343655635040578
-0.656276936402782,0.2136890199101768,0.0006968020550136218,0.318178017022474,-0.13190699613071516
1.485773671860549,1.7038861397444232,1.762314847542059,-0.8909508339844245,-0.09813746160950287
-1.0469750164733815,0.38083799007536023,-1.2254042461517585,0.8607548794395176,0.10186170827611488
0.06408918668965188,-0.5257641099224426,-0.4817072209037076,-0.7705897183728487,-1.1498115540148814
-2.0872642634763903,-0.28873094600454474,-0.36773835820363865,-0.6848452042694726,-0.6645752002775185
-0.7132980403510741,1.1812766333508733,-0.8718402305821632,0.05874977042207069,-0.04971623787773453
-0.7959265110470711,-0.771760140422671,-0.7355198878447179,1.5260011043595316,0.2435937560047513
-0.09252844848724041,-0.5423791230252853,1.928687421481857e-05,0.24349359228137935,1.6323996343526321
0.6042480595120547,-0.6905935544972267,0.03494527943153031,0.6695496838601708,-1.357390685538679
-0.3794618506758848,-0.646203786172024,-0.28860633685352116,2.465681558812549,0.5008404516638395
-0.1341706161306065,0.20419182378137998,-2.132780245038027,0.9444269440588352,-2.101477153454151
0.4345865668660846,-1.724350516485869,0.9090219441401479,-1.6324473004147046,0.35984384439552664
-1.6234720593406455,0.7723467695993584,-1.7092262145548112,-0.3050636725401284,0.5228095617193605
0.12148122589063044,-0.04046842222127756,-1.1407190691054219,1.0005763737836753,-0.1778964085444282
1.0150709845691719,-0.7030821951174167,-0.38928344372736684,1.2474491000809804,1.4808766161249731
0.6130405708229013,-0.8565545234132392,-1.8117687762990555,-2.309176339036909,-2.9065173686705004
0.611666901793171,-1.8049651774898012,0.8909473881231532,-1.6606106259338933,0.6695679527803072
0.8419521030363438,-0.14275728119079226,-1.0297756744068576,0.9631878946909026,0.11282483809243787
0.8387452522224904,-2.4097955701038334,0.3318723478870527,-0.8359840527378342,-1.3157425172838073
1.134827452294236,1.2560731325178127,-0.02099113396339162,-0.6133223177443007,-0.29477328620610865
0.10557333672420684,0.38451032814962044,0.3343704767193511,-0.3319405239378149,0.9877124143577072
-1.264807771689685,-0.7282361065586801,0.12593498682948906,0.06643184072164227,-1.0004049296006738
-0.46622579013275467,0.2137851233500697,-0.9883803155976181,0.22615077420826488,-0.7690736480884219
0.5072245551427541,-1.8633349575586724,-0.009931764541797195,0.06683022952618672,-0.6850936304535231
-0.8906659393963192,0.6426949025890097,-0.41225404565985,-0.6137116881250897,-0.49472344442465266
0.292040488642377,-0.2847270658111765,-1.1435741850637133,0.9312479524573319,-1.4719838447849949
0.02946294160351072,-0.310543976597267,0.6974894499723868,-1.6633324333839399,-0.4313651564810444
-0.6473766239264777,-0.6854888913101628,-0.809502333746103,-0.7835601583524113,-1.1012600733999147
-0.8919913394202668,0.45804612885060275,1.0990878376722018,0.6295190126478007,-0.9162242586895724
1.141051527702465,-2.13196952470932,1.4451003831208686,-0.13660038183505138,0.6823325217808349
0.31737090295699005,-0.0042999619909861245,1.3489860019486042,0.1381120758885031,-0.19680559210984638
-0.28813046800742215,-1.9216387393488539,-0.4714633258226241,0.3877790895912452,-1.2025591669850704
-0.12083863976329405,-0.5153198481514273,-0.5013813129079848,-0.8117001431934562,-0.6696920947388695
1.511404605872428,-0.3964186310029349,0.03476099946592157,-1.0498461394165777,-0.22890367680557078
0.5025812702323577,-1.6224692129770073,0.5650071967133227,0.1332714183655287,0.881553581421923
-0.25378212002586165,-0.4537508665863453,-1.57321002188545,-0.14754404804082846,-0.41077493829384065
0.6318165920176395,0.23493545251003436,-0.04620514692079983,0.14140405510216608,2.0694635485979624
-0.5958839655755007,0.446182373519053,0.6640458403216777,0.2104077932144513,0.3620458043139285
0.39396181699649047,-1.101030823267136,0.32080364613750506,0.39880797652531674,0.24700704123023162
-0.11551442394338028,-0.06974275091900331,-0.0927446385288507,-0.6498990791274505,-0.006635768197853606
1.361085495069833,0.027229493743559284,0.6553353462186808,1.0048987267903597,0.7518562877994688
-0.0020558410356284157,-0.7693449358457888,0.35611743076262536,-0.10994443722192991,-0.25988729275070804
-2.0435326976427897,-0.49902742711840214,-0.8011582995109591,-3.0295850858307043,-1.416299213863358
-0.1254072622389049,1.3256476055625115,1.1082899027500035,1.1992084048041027,0.9514254876335618
-0.3033267780343949,0.7240271363285257,-0.948837867509573,0.8109749749364352,0.21205431630365792
0.7989072289812742,1.0248147346628966,-0.38527944074164616,0.8843647561440015,0.027632887729796062
1.0933472365065033,0.021063568470370733,0.022253354604719,1.1091797648861441,1.49810467896204
0.9151467024087412,0.08486614174441277,0.053835505132364236,-0.5303727381723088,0.7672358119629804
-1.2982519846928302,-0.33069352052640333,-1.7452776446144667,-0.6279405500339295,-1.427862131500239
0.5219659548833201,-0.6096874908940716,0.3436783561946278,-0.14104962697500395,0.9820532597304036
0.23796832858283223,0.44817664785435396,0.597234971644533,0.39368835929869805,0.5671331881233894
0.9378355468313557,1.2867968589559382,-0.3303865905901779,0.7579180773467231,-1.226718790269923
-0.7333840225708793,1.1817261845586,-1.5872056275756827,-0.17663935928252966,-2.9125280949342462
-1.7863393094143236,0.43009602598788926,1.377896295725114,0.022152276140840237,-0.17526716680961613
-0.4384673586102713,-2.1084266523143147,-0.8183341486598448,-0.40387996857362113,-1.1235899119814292
0.33044556577388934,0.19996307676521763,0.9088355996397074,1.3483148524773996,1.8020919426871076
0.4100722583882392,0.3771933623556976,-0.02672793157163592,0.9579973579263287,-0.8194883946129378
1.7760597577908657,0.7899217184073267,0.607527454300873,-0.6683936800624636,0.37370760554428833
-0.6504088251344627,-0.2456369487860967,1.0393651538424928,-0.26617956946228144,-0.9192090706523027
-2.042017456429736,1.0433738965289983,-0.8487278483693678,1.9384330241233778,-1.1559669378214068
-1.3841922207986537,0.3849741095641699,-0.10200798949547557,-0.44303783300254435,-0.9097796084821551
0.5399973362280525,-1.096076919854338,0.40161655387074413,-1.015841775798412,0.7117189859257224
0.14660289232142443,-0.3546629539602921,0.19608178165271326,0.2565847977112058,-1.8110121524138052
-1.2053556952716638,1.5050084033203308,-1.2041902264109972,-0.267341926467608,1.554609662209453
1.209368580639083,0.8724150319323069,-0.5485004824277614,0.3412043805395614,-0.5440499166265862
-0.5147832510580324,0.24754606206413543,-0.08676991460958605,0.00881863014098347,-0.7839451332365897
0.8291529011242248,-1.361435009786317,1.5656923777649594,0.6813873407215518,2.4898028620789896
-0.21426586875519554,0.18371098305921088,-1.5615471156355163,-0.5973070718415008,-1.540231474125588
0.9365293824394669,-0.4943360606101996,-1.3542082005295772,-0.7675191109473231,0.955144481905169
0.4238489347479564,-0.1677586480864117,-0.9579257393542819,-0.34857727578563014,0.8612488455374652
-0.6060934292129002,0.3784962317983637,-1.6201817947325485,0.019139322492293987,-0.6902515192571053
0.32838041747181673,-2.0398754492626905,0.9891491674236521,-0.26529078886329427,0.3788082704005889
0.681356148358227,-0.3682353051481743,-0.898611654918969,1.3040714305323071,-0.5443081590174297
0.5481042541250918,0.1463016417658724,-0.8912765002618206,-1.0563001061953143,1.440057108315859
-0.6520293726446608,-1.3833756186076274,-1.6329919373333563,0.8343591376428707,-0.4409342783923889
-0.9987566738463755,-0.2322371114734768,0.008526254046033086,0.747990397390281,0.18503354473655775
-0.03190796392762006,-1.312556687545351,0.4584394636421969,0.23498668778906884,0.8770644671287238
-0.7863542992809924,0.2633226980884928,1.3188345179544296,0.5830615773342133,-0.5641173621332835
-1.5385959222183894,0.11115874214681462,-0.6020252017982708,0.007097107229620109,1.4289528234087732
-1.3509024357968453,-0.8048901734087831,-0.06255341611919495,-1.5630605793983503,-0.6784483015863574
0.048167369234482636,1.0746307428069903,0.41417401807983617,0.6191570595532594,0.7571162452278736
1.3065433649293519,0.027566276680696618,-0.30684681298726846,0.9094353299292421,-1.2734679237370885
0.5181478372176835,-2.1861175006474562,2.1487252817687517,-1.175437038522232,1.2373300938370486
-1.3544839254334224,0.34948752173672043,0.2122921219218667,-0.186149893543771,-0.7084392695444821
-1.2036898090522061,-2.7905209599830845,-2.0459660135122584,-1.7578673208547146,0.06962215898091956
-0.3597038431381162,-0.5680514835220102,-1.4350208673498133,-0.6895307201719784,-0.6923552033606828
-0.14596795911436425,0.27174872966696983,1.6016362002719347,1.559345724027752,-0.6793712728237011
-0.06614583083854536,-0.8946900000648372,0.9925206570237818,-0.8497385992920077,0.1253062596820033
0.5968344083063108,-1.437747073355487,-0.7595774769983442,-0.8069365435130907,-1.7390896476617286
3.6495826290383935,-1.0249872008655971,0.021469653787773678,0.785435228094019,0.534091426767791
-0.5397566187214363,0.3412125247431967,-0.14678216490159543,0.16241206828163493,0.515082836089333
-0.7437737910693953,-1.176636146518253,1.3902047294487139,0.4809393783400403,-0.9640634743059892
1.0763420971936657,0.18264806576779105,-1.060692339689575,0.6803474640141864,0.6559355305435254
-0.14226983730700057,-0.40257170958855326,-2.0334127153857815,0.17712683531612367,-0.3230857613491108
0.18614695181509677,-0.5967327890880669,0.24613978185307867,0.2893624892483363,-0.07969192997267423
0.22854511410405068,-0.2982910193678793,0.5621037755066299,1.2141070228104427,0.5150452066420527
-2.108687393751073,-1.0343616632729131,-0.4256503530486033,-0.8906557090997204,-1.589083885047206
0.6733200297283443,0.010764653262188421,-1.2321947895072625,0.6802598709609026,0.41246336628395236
0.8613874458179692,-1.3155726637525247,-0.4634789954773259,-1.088957681528298,-0.9962725977057918
0.143622311862075,0.9896261479602941,0.8292990039061445,-0.6519705915375559,0.6396091676350218
1.4645826351516633,0.7046513912684257,1.4546228317903862,0.41324104550843177,1.4810122419961667
-0.12793955743385163,0.4156884454708113,-0.23618488749066868,-1.0702308937644838,-0.9389626151910666
-0.40290719953899995,-1.5095676832812917,-2.014026438451369,-0.3918954484692761,-0.05044428723710212
1.5095841538687882,0.6457190356237172,2.2801335933455853,-0.236600094522463,1.9722053730568219
-0.6434091690856438,1.3218968085598923,0.5454571623765233,-0.26285758495019235,0.16019201221321838
-1.762166345172573,-1.1308195827188465,0.3883353465743593,0.36016325956676953,-1.2923466718344891
0.8099776430171474,-0.5572109512759924,-0.9823614920514946,-1.1576111233226083,0.1005743435888761
0.18035796682990868,0.9060070960225299,-0.00510174603020462,0.7082945353102907,0.7935679639945766
-0.5751215939255078,0.5407301906424445,0.6574583319025642,0.466647773107235,-0.5129176741568979
-1.4684322721794385,-0.1212616756325493,-0.6659422147593422,0.8007230648097443,-1.3066054373036957
-1.7759655070240115,-2.030485945953313,0.33348341724473707,0.17229076188025383,-0.805852214918626
-0.5177475397500602,0.02565329512747374,-0.8488214477064505,-1.231385890405117,-1.1496557759429022
-1.4734681998153079,-1.173218089945638,0.4149748029728172,1.1333057642217845,0.5342502402518845
0.1679614945017805,-1.3883529352946502,0.4729185617936352,-0.9915851099721383,0.7966559073965992
1.027259230619464,-0.6429133313750739,0.936228009211398,1.2828207552798108,0.2977243768188317
-0.2510306130504928,1.7259478160250445,-0.9265977396845356,1.1121208168220091,-0.5705202979467385
0.3222244804004837,-1.4579517990904574,-0.5594792186862673,1.000679046432149,-0.9272858777332148
0.975781586603692,0.5334003047816276,-0.5449076811830068,-0.47218464760598516,0.9210367888578082
0.713539635689842,-0.6375590481168183,0.5929484854315985,0.2111314329530852,-1.2895599036005527
0.7739565280517164,2.7941879224605817,-0.21249901522523826,1.55964875573719,0.4292130983462556
0.7207663944392969,0.34879710771117955,0.16609142082987222,-1.2166314112733447,-0.7188609732593828
1.268922255427352,-2.8394713980356667,1.2152979652235716,-0.43317560582815173,-0.0494376723288833
-2.4677533843743453,-0.029554613633705224,-0.15650379809349144,0.3588996772825885,-1.590741477845574
0.04282536092650711,0.1649411371113051,-1.4672916479045472,-0.6562829201781413,1.513697234752039
2.0798602856973853,-0.1314102127406338,-1.7778506478555585,-1.1600142268232858,-1.0272757895693088
0.47627542130248723,0.6841490570845747,0.18073765691125424,0.682165719145859,0.8434241492874078
-1.5947743327502577,0.43430231595228963,0.8279309846572278,-1.2423286396375,0.8532002848506853
-0.061948557150249946,1.2610977276346587,0.8849425969731569,1.0757334042607574,0.22528244818891296
-0.8667143436720461,-0.29059342307028435,-1.2763562067120373,0.957223740352004,-1.2858125391040514
0.5719280627358134,0.43009382558914155,-0.4287168866213496,1.5636968954222676,1.227041510557351
0.18390809573641365,-0.6016128028592643,-0.20254992074364025,-1.3483528418578332,-0.5906849145405612
-0.7238688290124867,0.24280179445270433,1.6171484101669225,-0.2943539426005193,-0.6159727919663877
0.25072124180301136,-0.5032203323865974,-0.7279220183755609,0.6652038090108509,2.1983230467132175
0.422426181740059,-1.3565691175711614,-0.3997483549493102,-0.08978612852009202,0.7089941977341957
-0.26082115465951994,0.7594902505517579,0.0058334823911838545,2.122591389495838,0.945847278526961
-0.9296440786226239,-1.2051902095625622,-0.15163397797257785,-0.45830591376506585,-0.8376421271714598
-1.030161010781513,-0.5359669805414606,0.2302732676051364,-0.1367016602613366,0.6357239100767071
0.28290951057306374,-0.17832811014060534,-0.20424403450533427,-0.9136695609894239,0.4602242641814347
-0.2926825461056251,1.6529955338361704,-1.381616440890889,1.24346171367079,-0.6528214892557319
0.42186476912257836,0.6061586069276897,-0.20381907223265336,-0.8019366111759452,-0.7136591919767997
-1.0393986337933279,0.9640032982141996,-0.09748222352344789,0.3880175746242981,-0.745901013758465
0.9493202232867773,-0.9148227144229173,0.11786776874844511,-0.9061055750531135,-0.5392062722550985
-0.2936769478879715,-0.07671255116027358,-0.5081161258113243,0.4898611130049712,0.28283468834690684
1.3012829679259383,-0.6179768478335828,0.3042927333119044,-0.3661350257332705,0.4140972809191618
0.09666893847538358,-1.9899711484956244,0.2283268462019659,0.11070695028213723,-0.5044715631072473
0.4935234807362322,-2.4412800818352145,1.5546727201091186,-0.8052652057784198,-0.7244654107860101
-0.16119103530121545,-0.17635907255529884,-1.0118255421887639,-0.1472831522420344,-0.2601466688566185
1.528807759678731,0.5344983159733347,1.2330127658381376,-0.7159561896940596,1.85394471232179
-0.49787081577201303,0.20223168997447247,0.4759191753335642,1.28526881163202,-0.5676912638432765
0.5349498314372633,0.39616567086885385,0.8910753469647592,0.27535958292242263,-1.8135528204484057
-1.2899369993665375,0.3819164298491056,0.8301984675357955,2.4561621394846243,0.3919770338522089
1.2340593876739245,-1.1417124422991936,-0.5747804098312929,0.21814301476650175,0.3616094106352059
-0.1614813327769453,1.599118933478837,-1.4490495600225393,0.3103594440150624,1.1899581936314578
0.5560917306166729,1.395233831812618,2.700230516236082,0.9263152166533927,1.4134133714610269
1.1421905777620731,0.37526778011930406,1.0913963237894744,0.8871969824157598,-0.22341338077055845
0.16265117617516975,1.0660224174011619,0.328820938320839,-0.21144439178451876,0.06289858993846698
0.6066948595984163,-0.44919679861638667,0.8190112074006723,0.8145517317256571,0.7521296024914054
0.3354628388220867,0.2410563304477231,-1.541913339847292,-1.43708813040203,0.41732048622080203
-0.4066177226376096,0.04581360319100807,0.6106590094252629,-0.5463085132043075,-0.3929913227474335
-0.373215667506463,0.33410261786641554,1.1648478503491477,1.8447290378945282,-1.6017517964384034
0.0075903656589961215,-0.17811464574459657,2.2956894724616346,1.206223017494229,1.7074544428827645
0.01271356188702236,0.5615467343085176,-0.6621283538595016,-0.11031785157212207,0.5729302660268786
-0.6568353201541843,1.0446544590517157,-0.29920769560687915,0.4126312789464332,0.6802956318911657
0.08144834906352157,-0.006608820055722991,0.1815994246233887,0.6652543484063964,0.6973803753844052
0.7578639088761092,1.44170925869656,-0.34222519950443003,0.31797370074548575,0.5294000158399578
-0.424683032817845,1.5140914360853364,-0.29817872269949114,1.1743571913376512,-1.837017162867251
0.22662001803552148,-0.613827339937086,0.6025559164686829,-0.6028368618602284,1.6427678035197284
0.0732035707502377,0.49729121670163756,-0.5798280791928406,-1.8808342714938822,-1.2682661714811225
-0.027681149820023093,0.23521693237794045,-0.46877416467371635,-1.0857530498163657,-1.1423567210398937
2.3007732811157844,1.053815283404863,0.8679713802453493,0.6728832951110074,0.03361909547589383
1.0888448565176663,-1.1982595075508262,1.0893152030584383,-1.413752332013829,-1.192349870549613
0.03527624948719026,0.24063691722551403,0.02104540722184959,-0.6265884752153031,0.80192710287844
0.05013964120785532,0.6105864166827996,-0.9416577082833357,-1.08313825159998,1.507284123036024
-1.442367103109352,1.704077024931993,-0.7869834379156196,-0.3032073622944468,0.12187526456429346
-0.3759854031168286,1.467184508305939,-0.768807047427491,-0.8470561848113835,0.022864165312563016
-0.5513482719593522,-1.934817087897309,-0.8025474493712528,-0.15995402664357083,-0.16004578966170357
-0.719269461583054,-1.9143945796698414,-0.06667510562084528,-0.8019710180072092,-0.6600817022037668
0.7638531441311257,2.7916218713082483,-0.22032809527284988,0.22919892975771505,1.4379359121949877
1.367184895367646,-0.8593201898950535,0.6578590813367345,0.6404869740607898,-0.6468446605642041
-0.05759975896579907,-0.1654436208698126,-0.11471840801184191,0.5049982496864336,0.661953459374201
-1.1998675858415562,-2.381410227791196,-0.5131626344383045,1.2434573180223587,-0.49788800655641535
2.4405403788599522,0.12325220304435605,1.3405928664488929,1.1139909238763563,0.7348624519132261
-0.8580526134900317,0.5854266251952577,-0.7653684247547933,1.740779263352401,0.1473470376033291
0.21975279039269696,1.024553275007817,0.4118552247253758,-0.22306651001595998,-1.4035978801351874
-0.5631842624926253,-0.7785024482390154,-2.7763573280851372,-1.0126370925832515,-0.5948346218778233
0.5034098172354539,-0.46861545059283094,-2.0542979729573174,0.9944731005865594,-0.7887213989052997
0.7701140314454314,0.5860905235737908,1.0694115406619764,1.0669080382205658,-1.1098426803565702
-0.7523186586147603,1.6286943850600155,1.0749888315971656,-0.4055536064576902,0.4778227215183035
-0.4944091302770054,-1.0572927337036686,-0.5351526141916713,-1.2134649789848517,-0.6649347662198855
0.8316726124555391,0.46303173449252366,1.0739137489242148,0.9889509931360806,0.08957077029309132
-1.087930743826452,0.2901834080720263,1.6629898959139782,-0.8392265386376013,-1.3105568126827143
-0.8467888333109393,-0.01635554134587443,1.484607256740574,-0.39671366887212434,0.3315289597135438
1.2432374563458186,-0.936039770210367,-0.4599226530159575,0.3600766692507883,-0.6616651697605259
-0.002622805874142802,-0.12870218839487965,-0.619495580000914,0.2654341743611675,-0.7500660029350718
-0.4820542063602493,-1.1385938031699063,-0.020207035011278785,-0.631116001415986,-0.269392690162666
1.480493964747975,-1.2731889911829903,2.5481711309400654,-0.7289196627574777,1.9474385809679933
1.9136756953989325,1.3213516933884608,3.074479639066013,-1.2892026703547825,1.519226859006791
1.339350434895342,0.06776877558193742,1.0654294255730148,0.6770383076158503,0.12571460063709283
0.2939006369380059,-0.04079950524232446,-0.7535653607313209,-0.7097219003119252,-0.5528889812398569
1.91272164771151,1.2420599610280307,0.33448973560445083,-0.7245008406811339,0.9062331056610682
-0.4300960902725318,-0.6901631336521526,1.3210143231001785,-1.9837728717309606,0.8300509782433722
-0.5710033713687263,-1.5303450098291187,-0.32748951279930194,-0.15247312422302217,-1.4891318125269948
-0.778201379842973,0.10118754949723027,-0.2918262538667384,-0.42876969190914876,-0.7332848812529735
0.4041819790763791,-1.054025201183474,-1.2271766745066617,-0.5667199108258257,2.1414864751151153
0.4999703108000481,1.6416330188545147,-0.6146859798965711,0.15992999333653118,1.3231269153386038
-0.6569502164820656,-0.9773389904719573,-1.0983700300918244,1.0704849625611685,-0.1882371026431157
0.9661983692311523,0.29336709407629774,0.5961408149425563,1.563010561759064,-0.7898070335230294
0.11924230465472416,-0.5467660178218849,0.35608706948429714,0.6522741115213075,0.44494543791814967
0.992589993701074,-0.11045273963039842,-1.2059110338176704,1.1910290475846672,-0.5018235326583248
1.1630342802307423,-2.0063839887948083,-0.8007106893373409,-1.3035460514688406,1.1552769772473117
0.662469344243576,-0.22185049875213445,0.06586913164878243,-0.2070446638311592,0.3450224663014866
-0.25967623736443163,0.0011070401289144883,0.07200262533118712,1.5464033017073124,0.6601416247085662
1.3323696408060002,-1.9570203068140666,-0.4476063340190723,-0.237265718329154,0.728858123117335
-1.1045584903185568,0.36680445823331065,-1.9322804633912931,0.19335024345306878,1.1107539114055862
-0.17748571020208948,-1.6525154655972698,-0.32067185798149,0.3131879566379787,-0.42232280590861154
0.9326611548741517,0.9348146845131242,-0.4801163544457921,-0.2755251378043187,2.0241223489362716
0.21423740134638256,-0.08638919603168524,0.07967575053711168,-1.6040487933105694,0.5257679804429795
0.7903285859457128,0.35376918256319456,0.17440476085939483,0.421782046120952,1.026753604417132
-0.5993759081229635,0.34338156322758157,0.372290462306708,0.2400363930371976,-0.11701476832916834
1.204801311995089,0.7194683236372106,-1.153381491132147,0.842348890719312,1.0911600651292153
-1.6295754461625316,-0.7757827684438853,-0.24319031360595886,-1.1572921563141434,-1.5700055026720516
0.08012972997248764,0.06310918548640262,-0.04261932157135704,0.2807520923860708,-0.4551377903505642
-0.49455146391017635,-0.394706398743697,1.714407900541153,0.25733911284357885,0.33986128051911296
-0.6651574338984817,-0.1646467137765865,1.2125449029378152,-0.809931103828556,0.8016003028573891
-1.9736708402917271,-0.41178042228961553,-0.3505231552271264,-1.1650401391839953,-0.2760250649480022
-0.71969454433361,0.11903741004245058,-0.3228675834048896,-0.9394032284679787,-1.9718793124062197
-1.1193048584227743,-0.9800847295053977,-0.09442196277715761,-0.9332776267983003,-2.801044505652279
-1.2971687939925898,-0.7029616718057399,0.643012050695922,0.08377252585250741,-1.3470005937462417
-0.44830223826261284,0.7394104690800107,-1.3709207797650247,-0.7951296034122424,-0.2686143822596563
0.9196236563638228,1.609384782680516,0.8527580017173013,-0.5133309151660528,0.1068019248629812
-0.8268495102271066,1.8901204585904157,0.1084928082562042,-0.03815177066778546,0.6279764129688644
-0.9756742057829757,0.2565831358401389,-0.5678022997935966,-1.7613046356254516,-1.0830973825733998
-0.10289643733299614,0.19028574844642063,-0.01631670739537725,-0.6638534729404499,-0.024411158246398543
-0.04815719540572702,0.5808956262140107,0.46328731841527176,-0.01996094551151715,0.4898922817993835
-0.3001974039442132,2.4595648826655765,-0.8545736231327704,-0.05565903277497349,-0.3391089996696649
-0.5964265686551952,-1.6486402323475104,1.2047716697505801,1.3120991262313968,-0.06648523100950987
-0.10031825332757685,1.9931729209600482,-0.7038427509465877,-1.9671337096107968,-0.633964718674508
1.0032871883438916,-0.8110142666020932,-0.3450795876575824,0.28889725348165873,-0.6230887401624992
0.5541421640254784,0.2695606531459073,-0.9878161173736507,-0.785528195858631,0.1575752774735275
-2.1110071166808004,-1.557496985429505,-2.033855061081619,1.363972654946437,-0.09943596957989367
-0.5753724117737765,-0.9146028741903648,-0.8219909317012558,-0.6468687303132835,-2.1497587225919306
0.025274799863119986,1.708844309939553,0.8621546635596585,2.6214171803393516,1.1324352237794895
-1.0276191395440977,1.3067130984999331,-0.6068700873756953,-0.1469786513017498,-0.5458381078852196
-0.14191283424575957,0.23565381728807594,1.242991651201987,0.22955455550926968,-0.5012883900152529
0.46485341327058766,0.6103176934308772,0.5659372607230674,1.5283425286234409,0.8491745208463883
-1.9274363540675703,1.5365831961144114,0.38939235146599516,-0.4761611522950801,-1.0936334184496892
0.7798730528880625,-1.4764961056722985,0.9041912921949956,-1.003289697778097,-1.8211065824475712
2.2592013630658836,0.3938430657965737,1.2926581128915144,0.42765325141929605,-0.36183550463689285
0.9672968668101896,2.0727515419245526,0.9545736791954679,1.2276844624181293,0.48118095450305015
1.6998444698653643,-0.5716199265018571,-0.8002295565368651,-1.522382826600418,-0.29888756518973886
0.12639437132212367,1.404984764411273,0.25877267622863925,1.4257027426023914,0.0717611471114538
1.3365829097444182,0.799481121933099,-0.5042303648910652,-1.353163554645042,0.6781795971714425
-0.809294758096405,0.3629358095795263,-0.22321246352424798,-0.43857644604000795,-0.12301656780488807
1.5765646488377458,-0.842988293500437,-0.8407512072842043,0.22429251160871855,0.8554551628140209
-0.5672316333137308,-0.21264066525688383,-0.5600682048958142,-0.4586266269096091,0.44789953666566984
0.8304239213613978,1.4460899049806855,-0.1618558038499328,2.4907369548910343,-0.6585337225743129
0.13588276833823115,0.3371041508652835,1.484869432538313,-0.1681003184169495,1.3870168086778778
-0.6114959821707586,0.37433718226861246,1.335948427801695,-0.1434173295247559,0.7219447520445439
-0.015056730045518173,-1.103427266170333,-0.2770140673906853,-0.5796714118763457,-0.023381312485965686
-0.1696660433933494,1.2547257250611394,-1.200747800777709,2.395582980960392,1.041551861134455
-0.14178001540971374,1.3117119230202938,1.4391950141829266,1.1553755294118202,-0.9953619268462038
-0.7285556457976526,-1.7790775900243059,-1.2393372858054574,-1.3330743350638248,1.0242967573115482
1.4576130464986232,-0.13978946800703915,-0.12489700813364958,0.9464247029327816,1.8892898383274916
1.0909243416760874,0.7340486076798803,-0.9809304653926298,-0.7745047052484431,0.07222644741207443
-0.9845005474638332,-0.5247989712821169,0.6026226049297254,0.24194718580087557,0.2632133158017314
0.4975803460926895,1.1103161124307002,0.9112442173074962,0.41138535855388336,0.27245995395432754
-0.026641026390302084,1.799659907333259,-1.9349119314476284,-0.5772714328506262,-0.12123763007772309
0.2156071362340826,1.3176705958074706,-0.21277477288642851,-0.7854586519386043,0.16958976701506856
-0.6298034366261233,1.8357305710445913,-0.6812738655130326,-0.689711241316808,-0.5395844412923559
-0.16305384983499688,-1.1475786832240893,0.3728417864420423,-1.811072039601858,-0.06302701867269735
-0.48373190079732653,0.15181062407290677,-0.30382313322050025,-0.2570545214583382,-1.2112479180305495
-0.5616613801595508,1.7297160238060256,0.36025095524860923,0.060823441540186096,-1.1599988525325418
-1.2329617837851323,-0.25558283734713216,0.5262756653034376,1.1097419328187514,-0.0723404939804308
-0.01757809947756898,0.1620543110463068,-0.42221763853749195,-0.43115291358370944,0.4920728678719976
0.45844943720224984,-0.9929442225416795,-0.7639760777137061,0.38676920572660084,-0.3330094009124912
0.5847901282353476,-1.2407157924213625,-0.8352836897609105,-0.8888600047175294,0.8464239968869806
-0.04559328308107572,0.9459390381128023,0.08325958627588396,2.4207476291182077,-0.555863957867525
-1.3838779695559322,-1.0556580595775504,0.3462326184973508,-1.0128846368824231,-0.4033863661978638
1.1358076550210008,1.2033850028161706,-0.11104501069966813,0.6374934244454632,0.45396885587610264
0.25340445938182676,0.11114790533894918,-1.4261945165429335,-0.19859849930478624,1.335213001432666
-0.9169629566786964,-0.8494409993889631,0.8481304133257157,-0.34454880758747747,0.4840755920508677
-0.4417547895755455,-0.20832406657667593,-0.3585449340727965,0.19268838612110087,0.3082312172733302
1.3918964205905608,2.1424743800542485,-0.098869093314241,0.1635702480875998,0.15294428388468417
-2.1829356714429418,0.2327419962994946,0.04497129540364611,0.07144463975143026,-0.7530495064314675
0.010081376147896419,1.0316415172980997,0.10442680229237546,-1.6972470896669285,-1.7338414395719794
-0.8696032725148104,1.0848831935267549,-0.957455536278612,-1.7877454213167032,0.989524847076674
-0.8706503633830215,-0.2612938672502241,0.029369109040487205,-0.8784826304714758,0.1739455253500597
-0.9095213048877064,1.1009179842049566,1.0759802190626004,1.0150742928324767,0.11568093932792484
-0.3346676532220046,0.26202015133044737,0.26312778141403786,1.6616760805254187,0.5301932949955399
-0.2674649627988053,0.9853238106610996,-0.13420102649032198,0.6242898117037062,-1.9187440892358576
-2.086138044469386,0.10941453652439205,-0.8149252981200866,-0.058110647671336606,-0.9979874359126024
-0.1052003788445757,-1.1066121665483337,0.5615970353021305,0.33617035888268415,-0.5903815554638715
-0.7277673690909835,0.03977517930510617,-0.6732024674624971,-0.8054688444476414,0.22440945143443966
-0.5232697281806398,0.0763099096645662,0.26630792407222165,0.018639287314997904,-1.6213885937730648
-0.09986309415905353,-0.18613117665186202,-0.8652256729946118,1.361040277257863,0.13096532875868613
-0.1830982624176567,-1.9614062610581418,-0.3062664746989358,0.3140617673882878,-0.1493498232011695
0.16201222041834512,-1.2901708372753704,-0.9247214784412546,0.1555371785218129,0.780865873429195
1.0657632096238718,-0.9872279939213573,0.716468403582204,-0.09002755755192013,2.492968107418071
0.3331214480506442,-0.48207653208266776,-0.30402836587839266,0.02898300556833344,1.413725708508786
-1.2340338022870307,-1.3484823669580663,-0.6784464992240186,-1.138259580437795,-0.14899785023636442
-0.28100439174937336,-0.22587517143461966,-0.5821957918578795,-0.087794635545322,-0.9301348123904104
0.6171090787097262,1.1043752883379292,0.46684505993507747,-0.22287517530132506,0.4046669821658882
-0.2611087240019775,-0.8919194777109507,-0.3490746559323132,-1.3364343100393565,-0.6818527175828023
-0.4674863001528045,-0.6759608451038075,-0.28076142584591895,-0.6819617466926887,1.0155959913236383
0.7513813687083605,-0.06324871627717552,-0.008205131885325553,0.49720305277979887,-0.8097734603647678
-0.43699215607765923,-0.018007099468121672,-1.0202706995949429,-1.4799458583092293,-1.1869942402345077
-0.19545095045717453,0.1331332239064238,-0.5992499672732332,0.9257553729713658,1.9023796448320667
-0.3499755453978193,-0.4166736643016172,-0.5693857813524232,1.5428910821767794,0.630271941935655
-0.32987758145050633,-0.2853242233069178,-0.5761205183203333,0.4075248160958897,0.90690222755249
0.18176249064787536,-0.3285039496581147,0.5868153136839017,0.6801818300049515,0.2896579808038472
1.0037652013693519,1.6626983533121555,1.6420694568512588,-1.8056096045153263,2.2793462540449987
1.1831135128047046,-0.9002283271383515,0.35044648939431366,1.3013264929515505,0.3407425257539608
1.2562891519016206,0.2061609220471257,0.27757476521172403,-1.0651573346745487,1.1664900821422515
0.03613269508063745,-0.9140742608059249,-0.41889479912867505,-0.272117858737317,0.18826554612754298
-1.8697094661367903,-1.3911181921109776,-1.1675718879982573,-0.8096204650594833,-0.39579685278768223
-0.7640761847041281,0.2582170568662209,0.9910410385050046,0.46882865901306603,1.8405996596444283
-0.8013430824080909,-0.6188082840721894,-0.34481486790481186,-0.9477175635126119,-0.024207770611553926
-2.1073764795035306,0.26798298104237467,-0.7754723240043198,0.4352918988035441,0.6858958156624658
0.22821326220489577,-0.9216774389961887,0.3097174317616961,-0.6358094680454252,0.0022132375895736866
2.368391213663942,0.5022865835233586,-1.4659720419362956,-0.6033467466069806,2.2383932492918683
-0.5372438437491396,1.9938394774087094,1.6880009339554018,0.66400717072025,-1.6950346877832596
0.22454559783088363,-0.19725217589008798,0.07208393717019503,-1.6877905752405529,-0.45114660915057764
0.8040225477335678,0.36401808804687064,0.3355106032651355,-0.19259294997575768,-0.24543069503116682
0.6209853966646838,-0.11876091913778997,-0.3447590799577437,0.9835129448251893,0.2823361374186073
0.5319766522158634,0.2936929303602475,0.7504680684385677,-0.015129564707349993,0.2730799150133556
1.0533757231866518,0.8612959421858825,2.903605790407457,1.4690844686023685,0.32790479556913477
0.08300513498966638,0.08960587597742917,-0.015361838139121163,0.07020106018871543,0.579388230062351
-0.3890431831425295,-0.8796336821616644,-0.6970890646015727,-0.7847270348567905,1.4025836966760123
-0.6347392554013175,-2.308145218936459,-0.5059500571745181,0.06811183238884973,0.5602204919352398
-0.032320441989819815,0.04662156825403654,-0.04537563144669475,-0.018578560893322417,0.08616972246880744
-0.33806759347121124,-0.9670783475569871,-1.0535695810244197,-0.5426297995985935,0.04543519333682293
0.7669107539055271,0.7391772480275633,-0.7149798228402117,0.02458479678664115,-2.030625178615252
-0.14157436568538573,1.8821206002196003,-0.9294995103750869,-0.5888148330223241,-0.4786134653435785
-1.0921291087433682,-1.3600268559418682,-0.5827661332383117,-2.6730330977903964,0.41406177665835875
0.594406472139192,-1.142198372989211,-0.26694666958173613,-0.24330996092808987,1.2193937167431457
-0.13515305762847743,0.6704092924775029,0.060200388725581686,-2.4500267388113204,0.005655376811044655
-0.8522377907872539,0.18896498803693368,-0.6248884234768893,0.1888635746291259,-1.7980181330881524
0.2211525935248801,1.0491021099607565,-0.23262350447360497,1.4899067553025493,-0.6311894785073034
-2.0980908612671554,-1.1366242958447834,0.1036553326693812,-1.6013997935574331,-1.621658763121705
-0.37723958928134277,-1.1117611458341712,-0.6328866354379913,1.8108485207181464,-0.283201897983562
-0.5082977765615944,0.37444482252143446,0.4249822719606279,-2.934929670864983,-0.8314901865718185
-0.006296318600809638,-0.21667603758053258,0.8767517044230331,-1.656784789710628,0.6837817302007645
-1.340528088072395,1.0339909573462787,-0.09262458844982079,0.4051507623770391,-0.0912174690328225
-1.851087993136257,-1.5040598482550245,-2.402180087905804,0.0648900749975398,-0.4125256548845114
0.524905792666173,-0.6312903552152097,0.4982111129969214,-0.3269080027604586,-0.48948394004736445
1.2813332336763248,-0.9016906646344146,1.126050314951037,0.4585847966011841,0.8598631974655436
0.5413368932053837,1.9041939759307467,-0.7214458310796765,1.192439138624314,1.432371260777915
-0.9080016844363856,-1.4003882176151097,0.2256703051080178,-0.541935606842205,-0.8965695276640268
-0.484689341297633,-0.15323188263236096,-1.0585270673407234,-0.18412172835933374,0.7341862020592923
1.0684039456352408,-0.5257601208429418,0.5206340594907398,0.818720612525113,-0.37797730026656756
-2.0584258916353173,0.4842616987069695,-2.024922482527587,-0.17397619344853898,-0.44793334373440363
1.4332247931860362,-1.7903565571149955,0.561399094175708,-1.44481927535083,-0.6053993095436823
-0.7420876214538437,0.1987610015611868,-0.1866903390555658,0.48946897345864526,-0.09609710293386138
-0.6183124643005884,0.2624663757947452,0.49619756131536064,-0.3431785541132227,-1.6903357024054981
-0.08975499213705196,2.716469133139137,-1.695402498260921,-1.1196312500551666,-1.7824492199355106
-0.9405967034217524,-0.8831389392353062,0.3423798962192372,0.4246204504841796,-2.8275960466884125
0.24441080139952895,-0.9952045898243422,-0.2084675470566023,-0.21291830679905122,0.5005572218903407
0.5300170851410434,0.7056627032952959,-0.24662640543983036,-0.5026073851417696,0.1707660845068211
-1.8631882438101848,-0.4961403088985531,-1.0942103426381662,-0.16961640335602912,-2.2682934502661944
0.04067289468997247,-1.3188777921372734,-2.177729268302705,0.54769933228134,-2.248729174176449
1.0692378355031387,-0.35704164938329275,-0.6618585629439583,-0.9858902756872373,-0.2578765267154053
-1.2617736816614535,0.2414782581196561,1.5973756500957053,-1.254732474678138,0.07576750541382454
-0.6936844034395965,-0.1668395693269003,1.14543072462184,-0.8271055511892536,0.4733684219253229
0.9874514408317461,-0.40366165547495647,1.031275043406543,0.5973972750578518,-1.118507114533267
-1.8174660730527161,-0.7311161577961951,-0.595332576852262,0.06750366626114546,-1.5851805275508313
-1.750628229217228,-1.255803044299968,0.4282681457231862,0.5254618976115728,-1.656700678786504
-0.29138709062039553,1.8037702181028472,-0.6331165164148872,-2.075827949355671,0.7429600689225345
-1.0254573392471285,0.2621551418968415,-2.1049911238752457,-0.9156288542269603,-1.4877962568458767
-0.10022745315058826,-0.2869070907532308,0.08621197200563727,0.2543934343306049,-1.2420462402634358
1.3290134427858549,0.1524007927185974,0.7642037907470949,0.03571162514140596,-0.7838066259353288
1.545594520789593,-0.33466251391533464,1.7436842001177952,-2.0567302865468413,0.6332348484505392
0.32145580673270835,0.1210244314254131,-0.04038059324653608,-0.4999276609689964,-1.419073549464861
0.2156153646266573,0.09437289498712295,-0.6031070777241219,1.3886690594540883,1.5401898176830988
-0.7325132923862554,0.9156015900695926,-0.7227044962791274,1.4287346548344861,-0.5659001969578316
0.9715661933240461,1.612601834835136,0.6759415512721267,0.6738564961525273,0.4598827219102245
0.5526845067449762,1.6892937873421172,0.5539633680283266,-0.2665120855369807,0.975564129258033
0.117630062708206,0.04184257816461743,-1.7291316004693167,-1.6556566964242063,1.5767532272442293
-0.47080741278917715,0.8239622560194232,0.34559849773166273,1.256850961932031,-0.6836857092716511
0.16411496739921533,-1.1804304903803682,-0.021713180460612158,-1.2457304669442952,-0.5774575274488902
-0.0032734502630776263,0.29953419768794737,-0.3483255128186813,2.802542952680406,1.1430526573288917
-0.7171207441616714,0.9450171124182752,0.7117527181078789,-0.1020247603919362,-1.4671080002295538
0.9126731658521197,-0.6093576133986486,-0.5084163069714452,-1.0264922490272559,-0.560981628808892
-1.7651515360368524,0.5278372213492252,0.6825208143887477,1.2949017892644472,-2.139948249743216
-0.02039637015883255,1.467925609566585,2.7405145830043804,-1.019298181834968,0.22657737109174134
-2.0764498886409037,-1.5081112303206745,-0.2784795288292623,-1.1367306489160203,-0.730142223424844
1.413102581442063,-0.17907580772690426,-0.18883054357471166,-0.7459071896261397,-0.004297330509904334
-0.6567901589765577,-0.9355807366919627,-1.1236774814909676,0.5152347649401635,0.1557559726646849
-0.9076404260327545,0.35670273712488737,2.1474953151255396,0.8412546011192558,-0.9276437921039424
1.1749883190746833,0.051574602682834425,1.0232293760716233,0.16417805290631624,1.1262444596259393
0.060368366564003316,0.4066958751379637,2.530047534769199,-1.0185860883953899,-0.9038150440118028
-0.43683371195910337,-0.8260148611057991,-1.6595462295755101,0.130889365790343,-0.9894988115833042
-0.9911281301168314,-0.6111712765032459,0.3708224011228922,-0.6293453107236197,0.5997105531657317
2.0310693470720564,1.512093024749104,1.148517162517494,2.0681292724096636,0.6432131983282228
-1.7755076553715663,0.32852224801665764,-1.7975674236574808,-1.25920777964448,-0.5144219609799271
0.7626223432070083,1.3133044422779119,-0.8649288008720217,-0.8316871348770809,1.3018404830791839
1.231917944409289,1.2901606873244327,-0.7916111697406957,-0.15757163468948732,-0.10313524322949905
-1.0092797074260222,1.2658860073471951,-0.8195861310117495,-0.9600775521038338,-0.7846250693036522
0.02989558538393359,1.3119650294012928,-0.5427442720051282,-0.27138894060089885,0.5547908420402762
0.07024901284205537,0.6845110129688098,-0.04189533421871759,-0.584034716759569,0.740302922558186
-1.2549872593048559,-0.7747869453991849,1.6884751374415647,-0.5335110210557287,0.9957313965038959
-1.0333786707724049,-1.463379843213433,1.4043230793413854,0.4737344159590448,-1.0712008647319615
-0.2392709799118719,0.28509080080360694,0.770884636495211,0.005753820683339158,0.845193440648674
-0.002762790022210664,-0.7676871749159919,-0.8872533349107519,-1.4890391834268204,-0.36470672370971985
0.24727076860101554,0.17869640029032227,0.5663814380329417,-0.6377948063360899,2.503580142337987
-0.5332772631550424,0.12313859771737659,1.0149198717788077,-0.5029549213148344,-0.672442427478538
0.2474506725166038,0.1275918924735775,0.14693088053927333,1.4490463484579326,-0.02223853982924276
0.26579421919865914,-0.7159177593155068,-0.28031749531223726,-1.782491129280884,-0.6907878282808851
-0.5196931628323704,-0.8825413783891402,-0.20690955990942952,-0.2621458490616143,0.45281513442753046
-0.29923412784258374,0.4771211486621386,-0.13737050899829567,0.2337430908008988,-0.0118705554267338
1.2091914779882353,0.38853822437398045,0.5017201515852696,0.17155404582035577,1.9455630366349763
0.21346873155768642,-1.697565523618204,0.4393390724258584,-0.5123542001380702,-1.1284658426223633
-1.370906400596883,-1.2070101179754877,-1.6454086997355402,1.2827217034778577,-2.120150411099686
1.5307862937021068,1.167926120131037,0.527299417128736,1.1096211938128386,-2.6159909648714135
-0.43764248806333167,0.7262993717508265,-0.3197152838530535,0.003812434693678784,-0.609315682917355
-0.8596848121217938,1.2646031586579916,-0.3402751324190852,-0.43831024506278876,0.13667273962073936
-0.4093008326893858,-1.2609504167168408,0.35476875100202876,1.3879317390173371,-0.4958878837281319
-1.3110425469071831,0.9398466907930614,1.6094669629168439,-1.3519207481698103,-0.42264747855034507
-0.7541271025392082,-0.6967203615946073,1.2569076334620044,0.6289128476585143,-0.6486799265989888
-0.3564493985882348,0.27471947108253914,-0.01308163265515488,-0.21174433432007786,0.42614621255779017
-0.5432517295113058,-0.9219645410709639,-1.6871359479288415,-0.3201387086070276,-0.31185268757155543
0.8577366246920599,-1.9197973657898457,0.7422847797962434,0.10018892563325145,-0.10863638150319911
0.1987325061389172,-1.0627139362701474,1.8549702230364733,-0.38847829924055755,0.1653775831102816
-0.17159901159455965,-1.9103785435845306,0.746079585405532,-2.367066230160861,1.4109451368789259
-0.22259370529859543,1.2432671468260765,-1.673594117150524,0.010429276573017647,0.6569140659726855
-0.22692792737952378,-0.08543761873714192,-1.2091649915093798,-0.9339279238011332,-0.2711653106506126
-0.8250219920188017,0.08510976531051753,0.8441444942701446,0.9562248109898426,-0.8395245541405232
-1.1203853813577396,-0.04125748121733594,-1.5956191673093085,0.5091975346499455,-0.1561310622389131
-1.6364314665811839,-1.3058793278783634,0.32031021689021627,-0.7509339334183674,0.5109524766778836
-0.40111421382631807,0.8744436068245155,-0.7704528112111733,-0.4148620265031961,-0.16793301155241058
-0.8971705333683441,-0.8084893151479643,0.21661286389219422,-0.0380051324896175,-0.3235106198642644
-1.4445839031449654,0.15838748590651017,0.038940086858482055,0.2010438934187338,-0.6269776888531846
-0.5993388966001969,0.09467911155352027,0.8152972714953242,-0.6364312544180779,2.3247990592473062
-0.28932831603770415,-2.208662752126492,0.7387473626716224,1.1806515945316036,-0.1672828588859728
-1.0771702836549994,0.7978379251009211,0.24733870717885836,0.10626069790901031,0.1448425934647371
0.24573160163341665,0.1089827756423963,1.2375194208433615,-0.7892383696589182,0.6753244795204375
-0.708488785318843,-0.108409574840176,0.3766613786934872,0.5706971889043523,-0.9506289961851134
-0.5103033340094166,-1.18418765441654,-0.2538134109002399,0.7382382190436073,-0.4525555786817449
-1.6304379413824486,-1.0982110563966017,-1.2909067900831375,0.7634609696893464,0.13929388648781815
0.026853399616591587,-0.686191336338836,-0.1853381754605901,-1.1649178349206564,-0.05686514622520252
-0.9287281385311278,-0.4827001338570602,0.06849896649586344,-0.6883174621380493,1.7888681099796493
1.3422413911347568,-1.079454599283213,-1.8030043928845054,-1.4325897169206605,0.2136939060022524
-0.24342394270808446,-1.0354363299079832,1.43153271375111,-1.5989741151754362,-0.08288944115835079
0.7467549932841853,0.22308256981382962,-0.7275601030063886,1.3363232946917498,-0.19060060125889366
1.1437369913534545,-0.5096623913609101,0.9799675716706594,0.32426142810985925,0.6565858979966501
0.1939390293937175,-2.073643016758024,-0.3399871611802419,-1.8161554032197205,-2.4602976156106178
-0.4300940435717478,-0.36499107931838387,-0.021192923957307385,0.25270035780292543,-1.462207916255087
1.576740399985199,0.15665268834244792,3.7526961046668807,0.3542069982460319,1.223271248472233
0.7977606809972764,-0.7751859187255778,-0.5628782762680972,-0.36696242546019286,0.36138204074035507
0.551245187567636,-0.9822846400526596,0.15444230351843977,0.15876043914528185,0.913211232383571
0.9493005235847913,0.6431483190329726,1.6455066694075111,-0.6187285591415125,1.767063590220158
-2.6233875192750347,-2.1140014740716584,-0.35276391024789777,0.9465171043865825,-0.9603780137067955
0.5277985265548164,0.0780243766914968,-1.066849173762264,-0.16851205379097386,0.36220815849695903
2.180449022615212,1.6873240266990353,1.9551136907961904,-0.7789736725126494,0.11311009440627069
-0.24578110519656624,-0.6906756205462633,-1.5636033943264311,0.45272128559782104,-0.25387679665872337
1.203920574993228,2.268565110453485,-0.4590983382664377,0.7414383988911807,1.9446104323712532
1.2835227286926172,-0.4698751120148014,1.010757580989855,1.7074420767049354,1.435082742884054
0.5102862371312784,-0.9004000298907844,-1.2945917484321994,-0.6304417843654281,-1.2408030452085053
0.16745587774139878,0.4701395405988812,-0.3051298519612111,0.9375324357209334,0.5031516097827106
0.4486727839331653,-1.3203721914408304,-0.07205309212387305,-1.198412324060317,-0.10073101878223677
-0.6817578906220025,-0.8873037473680945,-0.5363391416044121,0.19511462921527614,-0.5531425519374169
-0.46335400156252965,-0.3973393424494961,0.5172426782449776,0.4422540154869745,0.8698938633721662
-0.09907424739595161,1.7326741778401378,-0.23957315768848989,-0.043874783014530856,-0.5829413549088232
0.9576769719886198,-0.5357292667277971,-0.5166625845251516,0.7379812819614611,0.3889413116553627
0.8186017563353222,0.6327922900386722,-0.4785347792830149,-0.5560712348695849,-0.6603720446708463
0.412724919196234,2.4586445902679084,0.6021814613823889,-0.8028148638850705,0.43960765844393884
0.7976812577106948,0.18977576811888797,-0.8800260111673347,0.1785811537558963,-0.3363127796096943
-0.014966222730751442,0.6692904327406409,0.03358730754170881,-0.9456750483489543,0.2443471194251935
-1.4112457234057534,-0.29623422469905736,-1.2022792879010225,-0.26252577139960304,-1.2342188545314572
-0.8295080552895866,0.37926965713014316,-1.1964954133836798,-0.16463089820938187,-1.1461820805153762
1.0855535301073094,0.20160648591094724,-0.015480136004967495,0.46309751474274724,1.1564483961528529
1.0972866849414888,-0.5030477531570523,0.7258008367202512,1.4985459939589323,0.9110750852030381
-1.7926981542864422,-1.0396286402502741,-0.8039112822646681,-0.04286979211144317,-0.3208205162483258
-0.44917335011421516,-0.2965033524037198,-1.1120906868345921,-1.6144264735093596,-1.668904762974468
0.39629023357795495,-0.005790105605069784,0.9771158997623063,0.36230194168138546,0.06101866694513884
-1.3641836716811073,0.11981180617690029,-0.5132179669290154,-0.25253744592167104,0.789230885579207
0.25345028108582623,-0.404348090772263,1.1295325782805128,0.19144770541366263,0.6142853412916529
1.4923447239196954,-1.4650002930610846,-0.1634827383449169,0.16025973556938772,-0.41020011396883194
0.4945092861211974,0.47781575555872663,0.027855452617171143,-0.05534001350832666,0.6242313414230475
-0.6364859588030672,-0.6793858549614052,-0.8477663968845464,-0.9117287065637548,-0.19570592927001457
0.5194910888312165,0.850501389361772,-0.6416940815698686,0.40686318846578995,0.13095003843144865
0.5979478229749755,1.4741778679123312,1.2394545061749223,2.9784834913623355,-0.0018771268183817784
0.7605283964725947,0.8529594115287301,-0.366477567195188,-1.4653752454967381,0.29533773198672064
0.9106665537232669,-0.2451479749073966,0.07632425498639664,-0.07961138952421827,0.20095878459864178
0.9372610355334081,1.7372187654787503,0.4596356202298728,0.7484715699336137,-0.8503074958610407
0.6012637929839604,-0.1852658445675443,0.7878471985040294,1.0266221985769095,0.25927403306503866
0.13677967921474637,-0.21254252800020754,-1.1313224165964448,1.396700838135122,0.13019083556439942
-0.9923060737512054,-0.8306020371007227,0.3763246997806786,0.034691019665765654,0.6732189957445212
-2.5195937426049615,-0.7366176593204875,-0.9737372550479486,0.7315312178845675,-2.066143281708617
-0.7552074075468841,0.05099549045100052,0.7459911822739452,-1.2289289226798776,-0.30660959936941834
-0.9886728169066524,-0.8364764338349646,-1.373018687528295,-2.3022493595413946,1.4221674210988426
0.47634407389261674,-1.0094404096316714,0.43775991955402177,0.01784301772381002,0.5579975143221158
-0.6508740883595099,1.5287395019397998,1.0828463605279441,1.5270989185983175,-1.1530515148121483
0.3946730654948095,1.4177269590318577,0.40028058582782944,-0.524156585307683,1.352012586007906
0.9057191706847237,-0.5231696420552853,-0.6061452022660482,0.9192240011387317,-1.2315663076953092
-1.4209044835010674,1.5674420203646922,-0.8855902464598664,0.23333490880157626,0.2130379458307299
-0.8058326418545609,-0.4255897260755661,-0.967285348470959,0.06259365088361268,-0.4048403607148504
-1.3726091671787612,-1.0654476458193334,-0.827228578054099,-0.020739839706980453,1.0817338676637318
-0.746467824637102,-0.2669692622579738,-0.3555512433008975,1.8832347502978037,0.08573278385613566
-1.6518859672727793,-2.104134455269903,-0.12812870182646038,-1.711994892491152,-1.733944041652045
-0.25260676849582187,0.07823574052384459,1.2103939239936339,-0.07230423265661552,-0.7922233140087387
-0.8931461770545847,0.7689519260020157,-1.0251646481357235,-2.5867431611177967,0.4577895138529169
0.7162917418899575,-0.4600012832038389,-0.06785154271378699,1.0343737829700652,-1.8888739771213388
-0.55886507484778,-0.7519828941597422,-0.35058252969934117,-1.0491019209350416,0.6019863476640545
0.13168220460197286,-0.6459340039776174,2.3367685526358266,-0.14534018883858849,1.8471011245213438
-0.07953177271229517,-0.5356154127401977,-0.6687130205035039,-1.7321377793777337,-1.0376885262082085
0.3796939261401145,0.0869377658621254,-0.1831685766773781,-1.9500300055325794,-0.1923403054183996
0.2799169138854121,-0.1791819824079981,-0.23306064477591934,0.04280712468209709,1.198744370490302
1.5036859852375013,1.4202314968929473,-0.3679734933884115,-0.44473385899563517,-0.6819816886976202
0.0914914869916334,-0.2051830263423466,-1.4128555302868702,-0.4598701744966931,0.4294911398322282
0.4625725576974855,0.9481725175462575,-0.3575545784322207,-0.5238107543044731,-0.23045724445592808
0.3686243520464413,0.06900290449366478,1.1188220936324509,0.06969776570735552,1.0507665430483253
-3.012019697844287,-1.7774252693337917,-0.6670869564070901,-0.709696203686935,-0.2014983192888034
-0.31764462443302105,0.027245565880757376,1.410538127678794,1.3869927810658433,1.570856944101916
-0.2524191146331227,0.5184356061384641,-0.07030925129340275,-0.15991942204645504,0.47480217736200026
0.6354156101724812,0.7952426178855531,-0.26959177062700707,-2.9137192110009007,1.2483545666912215
0.685075904838172,0.5968451915127619,1.4786413392556519,-0.33831069669540836,0.19062476464496944
-0.2533131443572499,-0.12832804205985948,0.6825129382452177,-0.8379857946178282,-0.1778244316984035
0.5129008803760441,0.20618550176125192,-1.48837311186796,1.4035246932999825,0.5792096186047383
0.3669500183286153,-0.3193433475772925,0.6209068077563898,0.4238604143854782,0.9029084162217473
-0.47460993818123515,-0.5012825246423148,1.3452400102441935,-0.5330540496800766,0.3783322309270914
0.8428631517096249,0.7858976367774837,0.14133512854235034,1.0309570311871932,-0.06936317549645202
0.10422466285816101,0.2702005828787294,-0.70705669755552,0.7286225688357882,-1.3307352528278356
1.5210352876217883,-0.1050114372881475,0.8615014622576737,-0.060261605914883894,1.6472968498789646
-0.8141555694495152,1.0149331065288514,1.2769391548835394,1.304375820211516,0.0047898843255814874
-0.5841314343008958,-1.050157106943847,1.3018775612375975,-0.005644015696432578,1.3817351414640286
1.1543536579621467,0.40747716562832115,-1.1664650967562358,-0.2625260244253255,1.3616316196240268
0.7189366207500291,1.0678192417314645,1.0328653937935732,-1.395467709637535,-1.0921409179595454
-0.3969488784897829,-0.7415841662612175,-0.5979612126317513,1.3262523536732371,-0.2820397804931144
-0.4144557661161627,-1.2771872251221874,0.5009192312125414,-1.2387700534139177,1.4370175241508283
0.6385177495086348,0.9089452706261343,-0.7772243727645521,1.4856224736332442,-1.2170032670389044
-1.0568268552760582,1.6179596080907752,-0.22710993754917294,0.972027418737379,-0.43028682437765303
0.22463348665740376,-0.572465169160082,0.014445449307405142,-0.06897627247006455,-1.5009156567093158
-1.292816058947857,-2.0488501431180954,-1.4146852903916065,-0.10259852946180469,-1.1114810375338697
1.3960118878357417,1.399015316308203,1.2722192832955177,0.7843712235976625,0.2862513535049419
-0.790283861135462,-0.6313651074684031,-2.454889758476801,0.055628083482017726,-0.45788084514069993
-1.6639645779834897,-0.3212318747649948,1.4784181482073784,-1.1071692904358887,0.5696659863027063
-1.8584659973639464,-0.3241569114006019,1.4682578351825328,-0.21284913074319622,2.098141293961693
0.4639535228448981,-0.2930162592531574,0.025153371965615547,1.1229580825998262,2.2738018366997323
-1.8120018974493621,-0.4464459017933426,1.7548208965332053,0.7491582399577612,-1.0778220963862053
-1.3300366460621549,-0.7021925992928808,0.6512682259239451,-0.7693428215707143,-0.6170618826360137
1.4831201302578156,0.8296013544530966,-0.6386515559539503,-1.3822940485084867,0.4480745961952277
0.20280006486836677,-1.7289238505664821,-0.7403690270923053,0.5184710589670267,-1.187460251215814
-2.3761491230545806,0.5570150793060502,0.2854474660226361,-2.020878938496286,-0.5050612655415189
-0.6767793285123167,-0.2610996521994727,-1.6929977628689736,-1.1616893095550533,-1.2332612545215307
-2.361391462659481,-0.7731099349019092,-0.8391279871267037,-0.9456488102561118,-1.056627371506803
0.4874584196224613,0.13103665091283528,0.19891350342574923,-1.4807956317530901,0.931191521111804
-0.17934567039669755,0.16205490319817872,0.16734359742512198,0.35696939620410034,-0.2682364201444913
0.22738871021065923,-0.8685920594092642,-1.1608457132553807,-1.2332013955896717,-1.4242203814298537
0.5843336247964936,0.7477280233703605,-0.07976296352300642,0.595679879637416,0.376432787897796
0.6245585884786137,-1.0753974654081588,-1.4238631859603612,-0.3442826005224028,-0.2705163311994787
0.017529784554290096,0.9897876204236643,0.04350688172991388,-0.7358895915008112,1.0885471942423373
-1.369213374382105,0.9012475394877923,1.5599529499580551,0.7043104189549837,-0.8357179536247905
0.4497919385542709,-0.6116687741541094,-0.8664566572201227,-0.7836865869013294,-0.669186854925364
0.9930242078154983,0.48107189203462847,0.32797604628121113,0.07905204243200918,0.29167153968546056
-2.6975959647909575,-1.300059249580953,-0.482742575979909,-0.01844898268393638,-0.8146663102171587
-0.17706047322120896,0.11597547747324191,-0.004067600190608197,-0.009938944943605933,-0.0997972329535223
0.016875460739524874,-0.4161972969475506,-1.7228428866920937,-0.9778986998821517,1.3070901322420452
-0.5436189827857324,0.241656084937658,0.46364360601691723,0.07938300330699466,-1.6325831270234163
-0.6365138958430319,0.2731149862702028,-0.6247872056956351,0.8492254733070067,-0.7818332253495278
-0.5042578714980183,-1.6935816565202115,-1.222747227221331,-0.6820401504868049,1.3041886003382273
-0.7014290676224255,-1.363533294720563,0.614695197935993,0.15766769117584278,-0.20214412460702572
1.4583164748277084,0.31416443593026044,0.4799557665669402,1.7928905845769463,1.3240595192094833
0.1397095639514524,-0.5254094914907778,-0.15847441005122348,0.294437067235626,0.3679119386602024
1.1302339071096335,-1.3213849557839343,0.10937759281272665,0.13098945612134352,-0.015728894043171404
0.008952314367268278,0.43321252378800706,0.9390013273027117,1.8425084793937907,1.1690419325924748
0.17061871990455665,-0.4727923827910593,-0.4323722581715301,-0.11763786712873371,2.5599205946566963
0.8042358446497611,-0.2820127002015184,1.194324299964819,-0.20450625741362882,0.08054557585786225
1.1084372080020648,-0.854450563849802,-0.2131278610522195,0.12829400575443906,-0.8063867563149453
-2.0882635374401666,0.19489456372178285,0.4992371067365591,-0.2881316436769744,-2.3727677106328153
0.46490111107109694,0.3998987372293527,0.07376620187717849,0.2660881356005927,0.8749466829699271
-2.0369580706803405,-0.9130958520928241,0.07898325247690888,-1.8562066541785796,0.5944314998401133
0.1277588372283655,-2.110570231595076,0.3128515576090746,-0.7106809884640607,0.15597633794958035
-0.38706377663365077,-1.1975270162549516,-3.9686338270524253,0.670234599220875,-1.4436793081055421
0.5752493404691925,-0.6017492543672519,-0.049708101603350804,-1.096918980091203,-0.28999174313141385
0.7332052231254154,0.9658891993408548,-0.26563950307230616,-0.6827418468257259,1.5154737805648824
-2.338294929666801,1.3801398790974786,-1.0935827117302506,0.8791444052543794,-0.4319869634617965
-0.13610689242468973,-0.9800302929862444,0.25069321242340054,-0.7907359843821136,-2.274534341875703
-0.24886899607142543,-0.20293194150885455,-0.2358018139019253,0.22367245533650174,1.012958749561058
2.0839296099640983,1.6016273451609973,1.452979446733549,0.2790159979978566,1.6894473384850965
-1.1258790916942991,-1.1858868808944296,1.8095973813730155,-0.6197570397740717,-0.47362003417677156
-0.00853589257559485,0.37582701716699496,0.610517478008704,-0.6818842197405877,1.7783241576734499
0.023357857189145816,0.044704725163848096,-1.1485283543089213,0.3999563610506751,0.3794627378341436
0.1661306164411008,0.3922249575129963,0.684676445398381,-0.2569621645825337,0.5207538840729128
-2.353285818281777,-0.9142858509585575,0.0781321953977006,-0.5705094888850012,0.8527338298987777
-1.6012915423304703,2.1192965407119586,-0.7525933182214924,0.889692767557785,-0.30346020718123906
0.13591574246479632,-0.5211837488512345,0.6831465878798489,-1.9770145451378287,-0.3878898776333292
0.06542205590772264,-0.7211562114947494,-1.2827506180033226,-1.293937872315096,0.3271364999592175
-0.8273788306475681,1.3094445208655612,0.193013966749567,0.5864300928923247,-0.5035604192892105
0.16511590719744815,0.600431468824661,-0.37187450569820496,-0.7398833399376052,-0.5707418210685252
-1.0703200720129482,0.914810146151607,-0.6075102598115567,0.0434598596736241,-0.986309763927426
0.4031480617158805,0.12757130915498882,0.9930692843022172,-1.1482153623573468,0.7022371133719066
-1.6945255956426053,-0.2278367762449669,-2.1018713788262287,-0.17273980022995572,-0.7909033528432334
1.652816999868793,1.6960325174344713,1.1531996700082048,1.6165498079628033,1.0726609504176052
-0.06263804135882561,2.2513978083693966,-0.5439435445172864,1.5659459920792258,-1.0444434019981164
0.7012586218592765,-2.903570847508014,-0.19059899482035728,-0.6854566205405852,0.7162498661366454
-0.03575489400132543,0.17599988883571419,-0.7606537877665687,-1.1270423599441661,0.04961184280638636
-1.1532848874469404,0.2549088533290069,-0.48086600352037057,-0.48188198062980525,-2.480675135932502
-0.09001795311047976,-0.4878239834708598,1.6418698666363227,0.3250237155027209,1.1794195756115529
-1.094531337201091,-1.4959819479187473,-1.2220210811389978,-1.0657493940270644,0.035915553049275746
-0.36650599414817736,1.4501868511851177,-0.2719101911551069,0.4849666530472321,0.21136663325551752
-0.42414484506396893,0.320231353670218,0.38916097738783106,-0.438326153596708,0.8179164014145175
-1.3370383661441188,-0.2115238373110515,-0.29661989089883,0.20366507953261453,0.11210921499591327
-0.0739133349571432,0.9991837201774832,0.1557946467959187,-0.7882882971212851,0.9365166871333933
0.6386409267356342,-1.8665012118399018,2.2550398653183117,0.7490102963108963,0.6985213611473792
-1.2582786439917493,0.2870771195195808,-0.07171338740349711,-1.1152740425263195,-0.7631161286874396
0.7350202923565868,1.0276659578378127,0.297430291243139,1.0105042625979754,-2.3603501923140544
-1.556998089089672,-0.5158524989105885,0.07017660096931624,-0.398985329399547,-0.7248467209062199
-0.7634146997537978,0.8723302061353776,0.9069708186730208,-0.04322537993196285,-0.5940530108472956
-0.7346296874145462,-0.3030136476531233,-0.41649267210220453,0.2123409396242213,-1.8527393732631223
0.20169465247271434,-0.5624947836882049,0.652427193601738,-0.7260859464133145,-0.11673483697656355
-0.16232340165053855,-0.5301793636994395,-0.011305499867064434,1.165631997318982,0.9777835058907881
-1.771706694781147,1.8220873074661394,-0.18124944541912552,-0.8073039063871464,-2.0992005173426955
1.29719316543421,1.7060887119377617,0.3595788027139467,-0.11259189292135166,0.8906837602951891
-0.9590513678990732,1.9054388049257582,0.5968778191756677,-0.9190561087028876,1.2317267007706796
-1.0312084224531466,-1.1479882379941566,0.9332827964943969,-2.673242208143526,-1.490660579557177
